"","rule.1","rule.2","rule.3","rule.4","rule.5","rule.6","rule.7","rule.8","rule.9","rule.10","rule.11","rule.12","rule.13","rule.14","rule.15","rule.16","rule.17","rule.18","rule.19","rule.20","rule.21","rule.22","rule.23","rule.24","rule.25","rule.26","rule.27","rule.28","rule.29","rule.30","rule.31","rule.32","rule.33","rule.34","rule.35","rule.36","rule.37","rule.38","rule.39","rule.40"
"1","IF","NU_IDADE","is","small","and","TP_SEXO","is","large","and","TP_COR_RACA","is","medium","and","Q006","is","large","and","Q027","is","medium","and","NU_NOTA_CN","is","medium","and","NU_NOTA_CH","is","large","and","NU_NOTA_LC","is","large","and","NU_NOTA_MT","is","medium","THEN","NU_NOTA_REDACAO","is","large"
"2","IF","NU_IDADE","is","small","and","TP_SEXO","is","large","and","TP_COR_RACA","is","medium","and","Q006","is","medium","and","Q027","is","medium","and","NU_NOTA_CN","is","large","and","NU_NOTA_CH","is","medium","and","NU_NOTA_LC","is","large","and","NU_NOTA_MT","is","medium","THEN","NU_NOTA_REDACAO","is","large"
"3","IF","NU_IDADE","is","small","and","TP_SEXO","is","large","and","TP_COR_RACA","is","small","and","Q006","is","small","and","Q027","is","medium","and","NU_NOTA_CN","is","medium","and","NU_NOTA_CH","is","medium","and","NU_NOTA_LC","is","medium","and","NU_NOTA_MT","is","medium","THEN","NU_NOTA_REDACAO","is","medium"
"4","IF","NU_IDADE","is","small","and","TP_SEXO","is","large","and","TP_COR_RACA","is","medium","and","Q006","is","medium","and","Q027","is","large","and","NU_NOTA_CN","is","large","and","NU_NOTA_CH","is","large","and","NU_NOTA_LC","is","large","and","NU_NOTA_MT","is","medium","THEN","NU_NOTA_REDACAO","is","large"
"5","IF","NU_IDADE","is","small","and","TP_SEXO","is","large","and","TP_COR_RACA","is","medium","and","Q006","is","medium","and","Q027","is","large","and","NU_NOTA_CN","is","medium","and","NU_NOTA_CH","is","medium","and","NU_NOTA_LC","is","large","and","NU_NOTA_MT","is","medium","THEN","NU_NOTA_REDACAO","is","medium"
"6","IF","NU_IDADE","is","small","and","TP_SEXO","is","large","and","TP_COR_RACA","is","medium","and","Q006","is","medium","and","Q027","is","small","and","NU_NOTA_CN","is","medium","and","NU_NOTA_CH","is","medium","and","NU_NOTA_LC","is","medium","and","NU_NOTA_MT","is","medium","THEN","NU_NOTA_REDACAO","is","medium"
"7","IF","NU_IDADE","is","small","and","TP_SEXO","is","large","and","TP_COR_RACA","is","medium","and","Q006","is","large","and","Q027","is","medium","and","NU_NOTA_CN","is","large","and","NU_NOTA_CH","is","medium","and","NU_NOTA_LC","is","medium","and","NU_NOTA_MT","is","large","THEN","NU_NOTA_REDACAO","is","large"
"8","IF","NU_IDADE","is","small","and","TP_SEXO","is","large","and","TP_COR_RACA","is","medium","and","Q006","is","large","and","Q027","is","medium","and","NU_NOTA_CN","is","medium","and","NU_NOTA_CH","is","large","and","NU_NOTA_LC","is","large","and","NU_NOTA_MT","is","large","THEN","NU_NOTA_REDACAO","is","large"
"9","IF","NU_IDADE","is","small","and","TP_SEXO","is","large","and","TP_COR_RACA","is","medium","and","Q006","is","small","and","Q027","is","medium","and","NU_NOTA_CN","is","medium","and","NU_NOTA_CH","is","medium","and","NU_NOTA_LC","is","large","and","NU_NOTA_MT","is","large","THEN","NU_NOTA_REDACAO","is","medium"
"10","IF","NU_IDADE","is","small","and","TP_SEXO","is","large","and","TP_COR_RACA","is","medium","and","Q006","is","small","and","Q027","is","medium","and","NU_NOTA_CN","is","medium","and","NU_NOTA_CH","is","medium","and","NU_NOTA_LC","is","medium","and","NU_NOTA_MT","is","medium","THEN","NU_NOTA_REDACAO","is","medium"
"11","IF","NU_IDADE","is","small","and","TP_SEXO","is","large","and","TP_COR_RACA","is","medium","and","Q006","is","small","and","Q027","is","small","and","NU_NOTA_CN","is","medium","and","NU_NOTA_CH","is","medium","and","NU_NOTA_LC","is","medium","and","NU_NOTA_MT","is","medium","THEN","NU_NOTA_REDACAO","is","medium"
"12","IF","NU_IDADE","is","small","and","TP_SEXO","is","large","and","TP_COR_RACA","is","medium","and","Q006","is","medium","and","Q027","is","medium","and","NU_NOTA_CN","is","medium","and","NU_NOTA_CH","is","large","and","NU_NOTA_LC","is","large","and","NU_NOTA_MT","is","large","THEN","NU_NOTA_REDACAO","is","large"
"13","IF","NU_IDADE","is","small","and","TP_SEXO","is","large","and","TP_COR_RACA","is","medium","and","Q006","is","small","and","Q027","is","large","and","NU_NOTA_CN","is","medium","and","NU_NOTA_CH","is","medium","and","NU_NOTA_LC","is","medium","and","NU_NOTA_MT","is","medium","THEN","NU_NOTA_REDACAO","is","medium"
"14","IF","NU_IDADE","is","small","and","TP_SEXO","is","large","and","TP_COR_RACA","is","medium","and","Q006","is","medium","and","Q027","is","medium","and","NU_NOTA_CN","is","large","and","NU_NOTA_CH","is","large","and","NU_NOTA_LC","is","large","and","NU_NOTA_MT","is","large","THEN","NU_NOTA_REDACAO","is","large"
"15","IF","NU_IDADE","is","small","and","TP_SEXO","is","large","and","TP_COR_RACA","is","medium","and","Q006","is","medium","and","Q027","is","medium","and","NU_NOTA_CN","is","medium","and","NU_NOTA_CH","is","medium","and","NU_NOTA_LC","is","medium","and","NU_NOTA_MT","is","medium","THEN","NU_NOTA_REDACAO","is","medium"
"16","IF","NU_IDADE","is","small","and","TP_SEXO","is","large","and","TP_COR_RACA","is","medium","and","Q006","is","medium","and","Q027","is","medium","and","NU_NOTA_CN","is","medium","and","NU_NOTA_CH","is","medium","and","NU_NOTA_LC","is","large","and","NU_NOTA_MT","is","medium","THEN","NU_NOTA_REDACAO","is","large"
"17","IF","NU_IDADE","is","small","and","TP_SEXO","is","large","and","TP_COR_RACA","is","medium","and","Q006","is","medium","and","Q027","is","medium","and","NU_NOTA_CN","is","large","and","NU_NOTA_CH","is","medium","and","NU_NOTA_LC","is","large","and","NU_NOTA_MT","is","medium","THEN","NU_NOTA_REDACAO","is","medium"
"18","IF","NU_IDADE","is","small","and","TP_SEXO","is","large","and","TP_COR_RACA","is","small","and","Q006","is","medium","and","Q027","is","small","and","NU_NOTA_CN","is","medium","and","NU_NOTA_CH","is","medium","and","NU_NOTA_LC","is","medium","and","NU_NOTA_MT","is","medium","THEN","NU_NOTA_REDACAO","is","medium"
"19","IF","NU_IDADE","is","small","and","TP_SEXO","is","large","and","TP_COR_RACA","is","small","and","Q006","is","small","and","Q027","is","small","and","NU_NOTA_CN","is","medium","and","NU_NOTA_CH","is","medium","and","NU_NOTA_LC","is","medium","and","NU_NOTA_MT","is","medium","THEN","NU_NOTA_REDACAO","is","medium"
"20","IF","NU_IDADE","is","small","and","TP_SEXO","is","large","and","TP_COR_RACA","is","medium","and","Q006","is","small","and","Q027","is","large","and","NU_NOTA_CN","is","medium","and","NU_NOTA_CH","is","medium","and","NU_NOTA_LC","is","large","and","NU_NOTA_MT","is","medium","THEN","NU_NOTA_REDACAO","is","medium"
"21","IF","NU_IDADE","is","small","and","TP_SEXO","is","large","and","TP_COR_RACA","is","medium","and","Q006","is","medium","and","Q027","is","medium","and","NU_NOTA_CN","is","medium","and","NU_NOTA_CH","is","large","and","NU_NOTA_LC","is","large","and","NU_NOTA_MT","is","large","THEN","NU_NOTA_REDACAO","is","medium"
"22","IF","NU_IDADE","is","small","and","TP_SEXO","is","large","and","TP_COR_RACA","is","medium","and","Q006","is","small","and","Q027","is","medium","and","NU_NOTA_CN","is","medium","and","NU_NOTA_CH","is","large","and","NU_NOTA_LC","is","large","and","NU_NOTA_MT","is","medium","THEN","NU_NOTA_REDACAO","is","large"
"23","IF","NU_IDADE","is","small","and","TP_SEXO","is","large","and","TP_COR_RACA","is","medium","and","Q006","is","medium","and","Q027","is","medium","and","NU_NOTA_CN","is","large","and","NU_NOTA_CH","is","large","and","NU_NOTA_LC","is","large","and","NU_NOTA_MT","is","medium","THEN","NU_NOTA_REDACAO","is","large"
"24","IF","NU_IDADE","is","small","and","TP_SEXO","is","large","and","TP_COR_RACA","is","medium","and","Q006","is","large","and","Q027","is","medium","and","NU_NOTA_CN","is","large","and","NU_NOTA_CH","is","large","and","NU_NOTA_LC","is","large","and","NU_NOTA_MT","is","large","THEN","NU_NOTA_REDACAO","is","large"
"25","IF","NU_IDADE","is","small","and","TP_SEXO","is","large","and","TP_COR_RACA","is","small","and","Q006","is","medium","and","Q027","is","medium","and","NU_NOTA_CN","is","large","and","NU_NOTA_CH","is","medium","and","NU_NOTA_LC","is","large","and","NU_NOTA_MT","is","medium","THEN","NU_NOTA_REDACAO","is","large"
"26","IF","NU_IDADE","is","small","and","TP_SEXO","is","large","and","TP_COR_RACA","is","medium","and","Q006","is","small","and","Q027","is","small","and","NU_NOTA_CN","is","medium","and","NU_NOTA_CH","is","large","and","NU_NOTA_LC","is","medium","and","NU_NOTA_MT","is","large","THEN","NU_NOTA_REDACAO","is","large"
"27","IF","NU_IDADE","is","small","and","TP_SEXO","is","large","and","TP_COR_RACA","is","medium","and","Q006","is","medium","and","Q027","is","medium","and","NU_NOTA_CN","is","large","and","NU_NOTA_CH","is","large","and","NU_NOTA_LC","is","large","and","NU_NOTA_MT","is","medium","THEN","NU_NOTA_REDACAO","is","medium"
"28","IF","NU_IDADE","is","small","and","TP_SEXO","is","large","and","TP_COR_RACA","is","medium","and","Q006","is","small","and","Q027","is","medium","and","NU_NOTA_CN","is","medium","and","NU_NOTA_CH","is","medium","and","NU_NOTA_LC","is","large","and","NU_NOTA_MT","is","medium","THEN","NU_NOTA_REDACAO","is","medium"
"29","IF","NU_IDADE","is","small","and","TP_SEXO","is","large","and","TP_COR_RACA","is","medium","and","Q006","is","small","and","Q027","is","small","and","NU_NOTA_CN","is","medium","and","NU_NOTA_CH","is","medium","and","NU_NOTA_LC","is","large","and","NU_NOTA_MT","is","medium","THEN","NU_NOTA_REDACAO","is","medium"
"30","IF","NU_IDADE","is","small","and","TP_SEXO","is","large","and","TP_COR_RACA","is","medium","and","Q006","is","large","and","Q027","is","medium","and","NU_NOTA_CN","is","medium","and","NU_NOTA_CH","is","medium","and","NU_NOTA_LC","is","medium","and","NU_NOTA_MT","is","medium","THEN","NU_NOTA_REDACAO","is","medium"
"31","IF","NU_IDADE","is","small","and","TP_SEXO","is","large","and","TP_COR_RACA","is","medium","and","Q006","is","small","and","Q027","is","medium","and","NU_NOTA_CN","is","medium","and","NU_NOTA_CH","is","medium","and","NU_NOTA_LC","is","large","and","NU_NOTA_MT","is","large","THEN","NU_NOTA_REDACAO","is","large"
"32","IF","NU_IDADE","is","small","and","TP_SEXO","is","large","and","TP_COR_RACA","is","small","and","Q006","is","large","and","Q027","is","large","and","NU_NOTA_CN","is","medium","and","NU_NOTA_CH","is","medium","and","NU_NOTA_LC","is","medium","and","NU_NOTA_MT","is","medium","THEN","NU_NOTA_REDACAO","is","medium"
"33","IF","NU_IDADE","is","small","and","TP_SEXO","is","large","and","TP_COR_RACA","is","medium","and","Q006","is","medium","and","Q027","is","medium","and","NU_NOTA_CN","is","medium","and","NU_NOTA_CH","is","large","and","NU_NOTA_LC","is","large","and","NU_NOTA_MT","is","medium","THEN","NU_NOTA_REDACAO","is","medium"
"34","IF","NU_IDADE","is","small","and","TP_SEXO","is","large","and","TP_COR_RACA","is","medium","and","Q006","is","medium","and","Q027","is","small","and","NU_NOTA_CN","is","medium","and","NU_NOTA_CH","is","medium","and","NU_NOTA_LC","is","large","and","NU_NOTA_MT","is","medium","THEN","NU_NOTA_REDACAO","is","medium"
"35","IF","NU_IDADE","is","small","and","TP_SEXO","is","large","and","TP_COR_RACA","is","small","and","Q006","is","small","and","Q027","is","large","and","NU_NOTA_CN","is","large","and","NU_NOTA_CH","is","large","and","NU_NOTA_LC","is","large","and","NU_NOTA_MT","is","medium","THEN","NU_NOTA_REDACAO","is","large"
"36","IF","NU_IDADE","is","small","and","TP_SEXO","is","large","and","TP_COR_RACA","is","small","and","Q006","is","small","and","Q027","is","medium","and","NU_NOTA_CN","is","large","and","NU_NOTA_CH","is","medium","and","NU_NOTA_LC","is","large","and","NU_NOTA_MT","is","medium","THEN","NU_NOTA_REDACAO","is","medium"
"37","IF","NU_IDADE","is","small","and","TP_SEXO","is","large","and","TP_COR_RACA","is","medium","and","Q006","is","medium","and","Q027","is","large","and","NU_NOTA_CN","is","medium","and","NU_NOTA_CH","is","large","and","NU_NOTA_LC","is","large","and","NU_NOTA_MT","is","medium","THEN","NU_NOTA_REDACAO","is","large"
"38","IF","NU_IDADE","is","small","and","TP_SEXO","is","large","and","TP_COR_RACA","is","small","and","Q006","is","medium","and","Q027","is","medium","and","NU_NOTA_CN","is","medium","and","NU_NOTA_CH","is","large","and","NU_NOTA_LC","is","large","and","NU_NOTA_MT","is","medium","THEN","NU_NOTA_REDACAO","is","large"
"39","IF","NU_IDADE","is","small","and","TP_SEXO","is","large","and","TP_COR_RACA","is","medium","and","Q006","is","large","and","Q027","is","medium","and","NU_NOTA_CN","is","medium","and","NU_NOTA_CH","is","medium","and","NU_NOTA_LC","is","medium","and","NU_NOTA_MT","is","large","THEN","NU_NOTA_REDACAO","is","medium"
"40","IF","NU_IDADE","is","small","and","TP_SEXO","is","large","and","TP_COR_RACA","is","small","and","Q006","is","small","and","Q027","is","small","and","NU_NOTA_CN","is","medium","and","NU_NOTA_CH","is","medium","and","NU_NOTA_LC","is","large","and","NU_NOTA_MT","is","medium","THEN","NU_NOTA_REDACAO","is","medium"
"41","IF","NU_IDADE","is","small","and","TP_SEXO","is","large","and","TP_COR_RACA","is","medium","and","Q006","is","small","and","Q027","is","small","and","NU_NOTA_CN","is","large","and","NU_NOTA_CH","is","medium","and","NU_NOTA_LC","is","large","and","NU_NOTA_MT","is","medium","THEN","NU_NOTA_REDACAO","is","medium"
"42","IF","NU_IDADE","is","small","and","TP_SEXO","is","large","and","TP_COR_RACA","is","medium","and","Q006","is","large","and","Q027","is","medium","and","NU_NOTA_CN","is","large","and","NU_NOTA_CH","is","large","and","NU_NOTA_LC","is","large","and","NU_NOTA_MT","is","medium","THEN","NU_NOTA_REDACAO","is","large"
"43","IF","NU_IDADE","is","small","and","TP_SEXO","is","large","and","TP_COR_RACA","is","small","and","Q006","is","small","and","Q027","is","medium","and","NU_NOTA_CN","is","large","and","NU_NOTA_CH","is","medium","and","NU_NOTA_LC","is","large","and","NU_NOTA_MT","is","large","THEN","NU_NOTA_REDACAO","is","large"
"44","IF","NU_IDADE","is","small","and","TP_SEXO","is","large","and","TP_COR_RACA","is","medium","and","Q006","is","small","and","Q027","is","medium","and","NU_NOTA_CN","is","large","and","NU_NOTA_CH","is","medium","and","NU_NOTA_LC","is","medium","and","NU_NOTA_MT","is","medium","THEN","NU_NOTA_REDACAO","is","medium"
"45","IF","NU_IDADE","is","small","and","TP_SEXO","is","large","and","TP_COR_RACA","is","medium","and","Q006","is","small","and","Q027","is","small","and","NU_NOTA_CN","is","large","and","NU_NOTA_CH","is","large","and","NU_NOTA_LC","is","large","and","NU_NOTA_MT","is","medium","THEN","NU_NOTA_REDACAO","is","medium"
"46","IF","NU_IDADE","is","small","and","TP_SEXO","is","large","and","TP_COR_RACA","is","medium","and","Q006","is","large","and","Q027","is","medium","and","NU_NOTA_CN","is","medium","and","NU_NOTA_CH","is","medium","and","NU_NOTA_LC","is","large","and","NU_NOTA_MT","is","medium","THEN","NU_NOTA_REDACAO","is","large"
"47","IF","NU_IDADE","is","small","and","TP_SEXO","is","large","and","TP_COR_RACA","is","small","and","Q006","is","small","and","Q027","is","large","and","NU_NOTA_CN","is","medium","and","NU_NOTA_CH","is","medium","and","NU_NOTA_LC","is","large","and","NU_NOTA_MT","is","medium","THEN","NU_NOTA_REDACAO","is","large"
"48","IF","NU_IDADE","is","small","and","TP_SEXO","is","large","and","TP_COR_RACA","is","small","and","Q006","is","medium","and","Q027","is","medium","and","NU_NOTA_CN","is","medium","and","NU_NOTA_CH","is","medium","and","NU_NOTA_LC","is","large","and","NU_NOTA_MT","is","medium","THEN","NU_NOTA_REDACAO","is","medium"
"49","IF","NU_IDADE","is","small","and","TP_SEXO","is","large","and","TP_COR_RACA","is","medium","and","Q006","is","large","and","Q027","is","medium","and","NU_NOTA_CN","is","large","and","NU_NOTA_CH","is","medium","and","NU_NOTA_LC","is","large","and","NU_NOTA_MT","is","medium","THEN","NU_NOTA_REDACAO","is","medium"
"50","IF","NU_IDADE","is","small","and","TP_SEXO","is","large","and","TP_COR_RACA","is","medium","and","Q006","is","large","and","Q027","is","medium","and","NU_NOTA_CN","is","medium","and","NU_NOTA_CH","is","medium","and","NU_NOTA_LC","is","large","and","NU_NOTA_MT","is","medium","THEN","NU_NOTA_REDACAO","is","medium"
"51","IF","NU_IDADE","is","small","and","TP_SEXO","is","large","and","TP_COR_RACA","is","medium","and","Q006","is","small","and","Q027","is","medium","and","NU_NOTA_CN","is","medium","and","NU_NOTA_CH","is","large","and","NU_NOTA_LC","is","large","and","NU_NOTA_MT","is","medium","THEN","NU_NOTA_REDACAO","is","medium"
"52","IF","NU_IDADE","is","small","and","TP_SEXO","is","large","and","TP_COR_RACA","is","medium","and","Q006","is","medium","and","Q027","is","small","and","NU_NOTA_CN","is","large","and","NU_NOTA_CH","is","large","and","NU_NOTA_LC","is","large","and","NU_NOTA_MT","is","medium","THEN","NU_NOTA_REDACAO","is","large"
"53","IF","NU_IDADE","is","small","and","TP_SEXO","is","large","and","TP_COR_RACA","is","medium","and","Q006","is","medium","and","Q027","is","large","and","NU_NOTA_CN","is","large","and","NU_NOTA_CH","is","medium","and","NU_NOTA_LC","is","large","and","NU_NOTA_MT","is","medium","THEN","NU_NOTA_REDACAO","is","medium"
"54","IF","NU_IDADE","is","small","and","TP_SEXO","is","large","and","TP_COR_RACA","is","medium","and","Q006","is","large","and","Q027","is","medium","and","NU_NOTA_CN","is","large","and","NU_NOTA_CH","is","large","and","NU_NOTA_LC","is","medium","and","NU_NOTA_MT","is","large","THEN","NU_NOTA_REDACAO","is","large"
"55","IF","NU_IDADE","is","small","and","TP_SEXO","is","large","and","TP_COR_RACA","is","small","and","Q006","is","medium","and","Q027","is","medium","and","NU_NOTA_CN","is","large","and","NU_NOTA_CH","is","large","and","NU_NOTA_LC","is","large","and","NU_NOTA_MT","is","medium","THEN","NU_NOTA_REDACAO","is","medium"
"56","IF","NU_IDADE","is","small","and","TP_SEXO","is","large","and","TP_COR_RACA","is","small","and","Q006","is","large","and","Q027","is","medium","and","NU_NOTA_CN","is","large","and","NU_NOTA_CH","is","large","and","NU_NOTA_LC","is","large","and","NU_NOTA_MT","is","large","THEN","NU_NOTA_REDACAO","is","large"
"57","IF","NU_IDADE","is","small","and","TP_SEXO","is","large","and","TP_COR_RACA","is","medium","and","Q006","is","small","and","Q027","is","medium","and","NU_NOTA_CN","is","large","and","NU_NOTA_CH","is","medium","and","NU_NOTA_LC","is","large","and","NU_NOTA_MT","is","large","THEN","NU_NOTA_REDACAO","is","large"
"58","IF","NU_IDADE","is","small","and","TP_SEXO","is","large","and","TP_COR_RACA","is","medium","and","Q006","is","medium","and","Q027","is","medium","and","NU_NOTA_CN","is","large","and","NU_NOTA_CH","is","medium","and","NU_NOTA_LC","is","medium","and","NU_NOTA_MT","is","medium","THEN","NU_NOTA_REDACAO","is","medium"
"59","IF","NU_IDADE","is","small","and","TP_SEXO","is","large","and","TP_COR_RACA","is","medium","and","Q006","is","medium","and","Q027","is","medium","and","NU_NOTA_CN","is","medium","and","NU_NOTA_CH","is","medium","and","NU_NOTA_LC","is","large","and","NU_NOTA_MT","is","medium","THEN","NU_NOTA_REDACAO","is","medium"
"60","IF","NU_IDADE","is","small","and","TP_SEXO","is","large","and","TP_COR_RACA","is","medium","and","Q006","is","small","and","Q027","is","medium","and","NU_NOTA_CN","is","large","and","NU_NOTA_CH","is","large","and","NU_NOTA_LC","is","large","and","NU_NOTA_MT","is","medium","THEN","NU_NOTA_REDACAO","is","large"
"61","IF","NU_IDADE","is","small","and","TP_SEXO","is","large","and","TP_COR_RACA","is","medium","and","Q006","is","medium","and","Q027","is","large","and","NU_NOTA_CN","is","medium","and","NU_NOTA_CH","is","medium","and","NU_NOTA_LC","is","medium","and","NU_NOTA_MT","is","medium","THEN","NU_NOTA_REDACAO","is","medium"
"62","IF","NU_IDADE","is","small","and","TP_SEXO","is","large","and","TP_COR_RACA","is","small","and","Q006","is","small","and","Q027","is","large","and","NU_NOTA_CN","is","large","and","NU_NOTA_CH","is","medium","and","NU_NOTA_LC","is","large","and","NU_NOTA_MT","is","medium","THEN","NU_NOTA_REDACAO","is","large"
"63","IF","NU_IDADE","is","small","and","TP_SEXO","is","large","and","TP_COR_RACA","is","medium","and","Q006","is","small","and","Q027","is","small","and","NU_NOTA_CN","is","medium","and","NU_NOTA_CH","is","large","and","NU_NOTA_LC","is","large","and","NU_NOTA_MT","is","large","THEN","NU_NOTA_REDACAO","is","large"
"64","IF","NU_IDADE","is","small","and","TP_SEXO","is","large","and","TP_COR_RACA","is","small","and","Q006","is","medium","and","Q027","is","medium","and","NU_NOTA_CN","is","medium","and","NU_NOTA_CH","is","medium","and","NU_NOTA_LC","is","medium","and","NU_NOTA_MT","is","medium","THEN","NU_NOTA_REDACAO","is","medium"
"65","IF","NU_IDADE","is","small","and","TP_SEXO","is","large","and","TP_COR_RACA","is","small","and","Q006","is","small","and","Q027","is","medium","and","NU_NOTA_CN","is","medium","and","NU_NOTA_CH","is","medium","and","NU_NOTA_LC","is","large","and","NU_NOTA_MT","is","medium","THEN","NU_NOTA_REDACAO","is","large"
"66","IF","NU_IDADE","is","small","and","TP_SEXO","is","large","and","TP_COR_RACA","is","medium","and","Q006","is","large","and","Q027","is","large","and","NU_NOTA_CN","is","medium","and","NU_NOTA_CH","is","medium","and","NU_NOTA_LC","is","medium","and","NU_NOTA_MT","is","medium","THEN","NU_NOTA_REDACAO","is","medium"
"67","IF","NU_IDADE","is","small","and","TP_SEXO","is","large","and","TP_COR_RACA","is","medium","and","Q006","is","medium","and","Q027","is","small","and","NU_NOTA_CN","is","medium","and","NU_NOTA_CH","is","medium","and","NU_NOTA_LC","is","large","and","NU_NOTA_MT","is","large","THEN","NU_NOTA_REDACAO","is","large"
"68","IF","NU_IDADE","is","small","and","TP_SEXO","is","large","and","TP_COR_RACA","is","small","and","Q006","is","large","and","Q027","is","medium","and","NU_NOTA_CN","is","large","and","NU_NOTA_CH","is","large","and","NU_NOTA_LC","is","large","and","NU_NOTA_MT","is","medium","THEN","NU_NOTA_REDACAO","is","large"
"69","IF","NU_IDADE","is","small","and","TP_SEXO","is","large","and","TP_COR_RACA","is","small","and","Q006","is","medium","and","Q027","is","medium","and","NU_NOTA_CN","is","large","and","NU_NOTA_CH","is","large","and","NU_NOTA_LC","is","large","and","NU_NOTA_MT","is","medium","THEN","NU_NOTA_REDACAO","is","large"
"70","IF","NU_IDADE","is","small","and","TP_SEXO","is","large","and","TP_COR_RACA","is","medium","and","Q006","is","small","and","Q027","is","medium","and","NU_NOTA_CN","is","medium","and","NU_NOTA_CH","is","medium","and","NU_NOTA_LC","is","large","and","NU_NOTA_MT","is","medium","THEN","NU_NOTA_REDACAO","is","large"
"71","IF","NU_IDADE","is","small","and","TP_SEXO","is","large","and","TP_COR_RACA","is","small","and","Q006","is","medium","and","Q027","is","large","and","NU_NOTA_CN","is","medium","and","NU_NOTA_CH","is","large","and","NU_NOTA_LC","is","medium","and","NU_NOTA_MT","is","medium","THEN","NU_NOTA_REDACAO","is","medium"
"72","IF","NU_IDADE","is","small","and","TP_SEXO","is","large","and","TP_COR_RACA","is","medium","and","Q006","is","small","and","Q027","is","medium","and","NU_NOTA_CN","is","large","and","NU_NOTA_CH","is","medium","and","NU_NOTA_LC","is","large","and","NU_NOTA_MT","is","medium","THEN","NU_NOTA_REDACAO","is","medium"
"73","IF","NU_IDADE","is","small","and","TP_SEXO","is","large","and","TP_COR_RACA","is","medium","and","Q006","is","large","and","Q027","is","medium","and","NU_NOTA_CN","is","medium","and","NU_NOTA_CH","is","large","and","NU_NOTA_LC","is","large","and","NU_NOTA_MT","is","medium","THEN","NU_NOTA_REDACAO","is","medium"
"74","IF","NU_IDADE","is","small","and","TP_SEXO","is","large","and","TP_COR_RACA","is","small","and","Q006","is","medium","and","Q027","is","large","and","NU_NOTA_CN","is","medium","and","NU_NOTA_CH","is","medium","and","NU_NOTA_LC","is","large","and","NU_NOTA_MT","is","medium","THEN","NU_NOTA_REDACAO","is","medium"
"75","IF","NU_IDADE","is","small","and","TP_SEXO","is","large","and","TP_COR_RACA","is","small","and","Q006","is","small","and","Q027","is","small","and","NU_NOTA_CN","is","medium","and","NU_NOTA_CH","is","medium","and","NU_NOTA_LC","is","medium","and","NU_NOTA_MT","is","medium","THEN","NU_NOTA_REDACAO","is","large"
"76","IF","NU_IDADE","is","small","and","TP_SEXO","is","large","and","TP_COR_RACA","is","small","and","Q006","is","small","and","Q027","is","small","and","NU_NOTA_CN","is","large","and","NU_NOTA_CH","is","large","and","NU_NOTA_LC","is","large","and","NU_NOTA_MT","is","medium","THEN","NU_NOTA_REDACAO","is","medium"
"77","IF","NU_IDADE","is","small","and","TP_SEXO","is","large","and","TP_COR_RACA","is","medium","and","Q006","is","large","and","Q027","is","medium","and","NU_NOTA_CN","is","large","and","NU_NOTA_CH","is","large","and","NU_NOTA_LC","is","large","and","NU_NOTA_MT","is","large","THEN","NU_NOTA_REDACAO","is","medium"
"78","IF","NU_IDADE","is","small","and","TP_SEXO","is","large","and","TP_COR_RACA","is","medium","and","Q006","is","small","and","Q027","is","large","and","NU_NOTA_CN","is","medium","and","NU_NOTA_CH","is","large","and","NU_NOTA_LC","is","large","and","NU_NOTA_MT","is","medium","THEN","NU_NOTA_REDACAO","is","large"
"79","IF","NU_IDADE","is","small","and","TP_SEXO","is","large","and","TP_COR_RACA","is","small","and","Q006","is","small","and","Q027","is","medium","and","NU_NOTA_CN","is","medium","and","NU_NOTA_CH","is","large","and","NU_NOTA_LC","is","medium","and","NU_NOTA_MT","is","medium","THEN","NU_NOTA_REDACAO","is","large"
"80","IF","NU_IDADE","is","small","and","TP_SEXO","is","large","and","TP_COR_RACA","is","medium","and","Q006","is","small","and","Q027","is","large","and","NU_NOTA_CN","is","large","and","NU_NOTA_CH","is","large","and","NU_NOTA_LC","is","large","and","NU_NOTA_MT","is","medium","THEN","NU_NOTA_REDACAO","is","large"
"81","IF","NU_IDADE","is","small","and","TP_SEXO","is","large","and","TP_COR_RACA","is","small","and","Q006","is","small","and","Q027","is","medium","and","NU_NOTA_CN","is","large","and","NU_NOTA_CH","is","medium","and","NU_NOTA_LC","is","large","and","NU_NOTA_MT","is","medium","THEN","NU_NOTA_REDACAO","is","large"
"82","IF","NU_IDADE","is","small","and","TP_SEXO","is","large","and","TP_COR_RACA","is","small","and","Q006","is","medium","and","Q027","is","small","and","NU_NOTA_CN","is","medium","and","NU_NOTA_CH","is","medium","and","NU_NOTA_LC","is","large","and","NU_NOTA_MT","is","medium","THEN","NU_NOTA_REDACAO","is","large"
"83","IF","NU_IDADE","is","small","and","TP_SEXO","is","large","and","TP_COR_RACA","is","medium","and","Q006","is","large","and","Q027","is","medium","and","NU_NOTA_CN","is","large","and","NU_NOTA_CH","is","medium","and","NU_NOTA_LC","is","large","and","NU_NOTA_MT","is","large","THEN","NU_NOTA_REDACAO","is","medium"
"84","IF","NU_IDADE","is","small","and","TP_SEXO","is","large","and","TP_COR_RACA","is","medium","and","Q006","is","medium","and","Q027","is","small","and","NU_NOTA_CN","is","medium","and","NU_NOTA_CH","is","large","and","NU_NOTA_LC","is","medium","and","NU_NOTA_MT","is","medium","THEN","NU_NOTA_REDACAO","is","medium"
"85","IF","NU_IDADE","is","small","and","TP_SEXO","is","large","and","TP_COR_RACA","is","small","and","Q006","is","medium","and","Q027","is","medium","and","NU_NOTA_CN","is","medium","and","NU_NOTA_CH","is","medium","and","NU_NOTA_LC","is","medium","and","NU_NOTA_MT","is","medium","THEN","NU_NOTA_REDACAO","is","large"
"86","IF","NU_IDADE","is","small","and","TP_SEXO","is","large","and","TP_COR_RACA","is","small","and","Q006","is","medium","and","Q027","is","small","and","NU_NOTA_CN","is","medium","and","NU_NOTA_CH","is","medium","and","NU_NOTA_LC","is","large","and","NU_NOTA_MT","is","medium","THEN","NU_NOTA_REDACAO","is","medium"
"87","IF","NU_IDADE","is","small","and","TP_SEXO","is","large","and","TP_COR_RACA","is","medium","and","Q006","is","medium","and","Q027","is","small","and","NU_NOTA_CN","is","medium","and","NU_NOTA_CH","is","medium","and","NU_NOTA_LC","is","medium","and","NU_NOTA_MT","is","medium","THEN","NU_NOTA_REDACAO","is","large"
"88","IF","NU_IDADE","is","small","and","TP_SEXO","is","large","and","TP_COR_RACA","is","small","and","Q006","is","medium","and","Q027","is","medium","and","NU_NOTA_CN","is","large","and","NU_NOTA_CH","is","large","and","NU_NOTA_LC","is","medium","and","NU_NOTA_MT","is","large","THEN","NU_NOTA_REDACAO","is","large"
"89","IF","NU_IDADE","is","small","and","TP_SEXO","is","large","and","TP_COR_RACA","is","medium","and","Q006","is","large","and","Q027","is","medium","and","NU_NOTA_CN","is","large","and","NU_NOTA_CH","is","medium","and","NU_NOTA_LC","is","large","and","NU_NOTA_MT","is","large","THEN","NU_NOTA_REDACAO","is","large"
"90","IF","NU_IDADE","is","small","and","TP_SEXO","is","large","and","TP_COR_RACA","is","medium","and","Q006","is","small","and","Q027","is","large","and","NU_NOTA_CN","is","large","and","NU_NOTA_CH","is","large","and","NU_NOTA_LC","is","large","and","NU_NOTA_MT","is","medium","THEN","NU_NOTA_REDACAO","is","medium"
"91","IF","NU_IDADE","is","small","and","TP_SEXO","is","large","and","TP_COR_RACA","is","medium","and","Q006","is","small","and","Q027","is","large","and","NU_NOTA_CN","is","large","and","NU_NOTA_CH","is","large","and","NU_NOTA_LC","is","large","and","NU_NOTA_MT","is","large","THEN","NU_NOTA_REDACAO","is","medium"
"92","IF","NU_IDADE","is","small","and","TP_SEXO","is","large","and","TP_COR_RACA","is","medium","and","Q006","is","medium","and","Q027","is","medium","and","NU_NOTA_CN","is","large","and","NU_NOTA_CH","is","medium","and","NU_NOTA_LC","is","large","and","NU_NOTA_MT","is","large","THEN","NU_NOTA_REDACAO","is","large"
"93","IF","NU_IDADE","is","small","and","TP_SEXO","is","large","and","TP_COR_RACA","is","small","and","Q006","is","large","and","Q027","is","medium","and","NU_NOTA_CN","is","large","and","NU_NOTA_CH","is","large","and","NU_NOTA_LC","is","large","and","NU_NOTA_MT","is","large","THEN","NU_NOTA_REDACAO","is","medium"
"94","IF","NU_IDADE","is","small","and","TP_SEXO","is","large","and","TP_COR_RACA","is","small","and","Q006","is","small","and","Q027","is","large","and","NU_NOTA_CN","is","medium","and","NU_NOTA_CH","is","medium","and","NU_NOTA_LC","is","medium","and","NU_NOTA_MT","is","medium","THEN","NU_NOTA_REDACAO","is","medium"
"95","IF","NU_IDADE","is","small","and","TP_SEXO","is","large","and","TP_COR_RACA","is","medium","and","Q006","is","small","and","Q027","is","medium","and","NU_NOTA_CN","is","large","and","NU_NOTA_CH","is","large","and","NU_NOTA_LC","is","large","and","NU_NOTA_MT","is","large","THEN","NU_NOTA_REDACAO","is","large"
"96","IF","NU_IDADE","is","small","and","TP_SEXO","is","large","and","TP_COR_RACA","is","small","and","Q006","is","small","and","Q027","is","medium","and","NU_NOTA_CN","is","medium","and","NU_NOTA_CH","is","medium","and","NU_NOTA_LC","is","large","and","NU_NOTA_MT","is","medium","THEN","NU_NOTA_REDACAO","is","medium"
"97","IF","NU_IDADE","is","small","and","TP_SEXO","is","large","and","TP_COR_RACA","is","medium","and","Q006","is","medium","and","Q027","is","large","and","NU_NOTA_CN","is","large","and","NU_NOTA_CH","is","medium","and","NU_NOTA_LC","is","large","and","NU_NOTA_MT","is","medium","THEN","NU_NOTA_REDACAO","is","large"
"98","IF","NU_IDADE","is","small","and","TP_SEXO","is","large","and","TP_COR_RACA","is","small","and","Q006","is","medium","and","Q027","is","medium","and","NU_NOTA_CN","is","medium","and","NU_NOTA_CH","is","large","and","NU_NOTA_LC","is","large","and","NU_NOTA_MT","is","medium","THEN","NU_NOTA_REDACAO","is","medium"
"99","IF","NU_IDADE","is","small","and","TP_SEXO","is","large","and","TP_COR_RACA","is","small","and","Q006","is","small","and","Q027","is","medium","and","NU_NOTA_CN","is","large","and","NU_NOTA_CH","is","large","and","NU_NOTA_LC","is","large","and","NU_NOTA_MT","is","medium","THEN","NU_NOTA_REDACAO","is","large"
"100","IF","NU_IDADE","is","small","and","TP_SEXO","is","large","and","TP_COR_RACA","is","medium","and","Q006","is","large","and","Q027","is","medium","and","NU_NOTA_CN","is","medium","and","NU_NOTA_CH","is","medium","and","NU_NOTA_LC","is","large","and","NU_NOTA_MT","is","large","THEN","NU_NOTA_REDACAO","is","medium"
"101","IF","NU_IDADE","is","small","and","TP_SEXO","is","large","and","TP_COR_RACA","is","medium","and","Q006","is","medium","and","Q027","is","medium","and","NU_NOTA_CN","is","large","and","NU_NOTA_CH","is","large","and","NU_NOTA_LC","is","large","and","NU_NOTA_MT","is","large","THEN","NU_NOTA_REDACAO","is","medium"
"102","IF","NU_IDADE","is","small","and","TP_SEXO","is","large","and","TP_COR_RACA","is","medium","and","Q006","is","small","and","Q027","is","medium","and","NU_NOTA_CN","is","large","and","NU_NOTA_CH","is","large","and","NU_NOTA_LC","is","large","and","NU_NOTA_MT","is","medium","THEN","NU_NOTA_REDACAO","is","medium"
"103","IF","NU_IDADE","is","small","and","TP_SEXO","is","large","and","TP_COR_RACA","is","small","and","Q006","is","medium","and","Q027","is","large","and","NU_NOTA_CN","is","medium","and","NU_NOTA_CH","is","medium","and","NU_NOTA_LC","is","medium","and","NU_NOTA_MT","is","medium","THEN","NU_NOTA_REDACAO","is","medium"
"104","IF","NU_IDADE","is","small","and","TP_SEXO","is","large","and","TP_COR_RACA","is","small","and","Q006","is","small","and","Q027","is","medium","and","NU_NOTA_CN","is","large","and","NU_NOTA_CH","is","large","and","NU_NOTA_LC","is","large","and","NU_NOTA_MT","is","large","THEN","NU_NOTA_REDACAO","is","medium"
"105","IF","NU_IDADE","is","small","and","TP_SEXO","is","large","and","TP_COR_RACA","is","small","and","Q006","is","medium","and","Q027","is","small","and","NU_NOTA_CN","is","large","and","NU_NOTA_CH","is","medium","and","NU_NOTA_LC","is","large","and","NU_NOTA_MT","is","medium","THEN","NU_NOTA_REDACAO","is","medium"
"106","IF","NU_IDADE","is","small","and","TP_SEXO","is","large","and","TP_COR_RACA","is","medium","and","Q006","is","small","and","Q027","is","large","and","NU_NOTA_CN","is","large","and","NU_NOTA_CH","is","medium","and","NU_NOTA_LC","is","large","and","NU_NOTA_MT","is","medium","THEN","NU_NOTA_REDACAO","is","large"
"107","IF","NU_IDADE","is","small","and","TP_SEXO","is","large","and","TP_COR_RACA","is","medium","and","Q006","is","small","and","Q027","is","medium","and","NU_NOTA_CN","is","medium","and","NU_NOTA_CH","is","medium","and","NU_NOTA_LC","is","medium","and","NU_NOTA_MT","is","large","THEN","NU_NOTA_REDACAO","is","medium"
"108","IF","NU_IDADE","is","small","and","TP_SEXO","is","large","and","TP_COR_RACA","is","small","and","Q006","is","medium","and","Q027","is","small","and","NU_NOTA_CN","is","large","and","NU_NOTA_CH","is","large","and","NU_NOTA_LC","is","large","and","NU_NOTA_MT","is","medium","THEN","NU_NOTA_REDACAO","is","medium"
"109","IF","NU_IDADE","is","small","and","TP_SEXO","is","large","and","TP_COR_RACA","is","small","and","Q006","is","small","and","Q027","is","small","and","NU_NOTA_CN","is","medium","and","NU_NOTA_CH","is","medium","and","NU_NOTA_LC","is","large","and","NU_NOTA_MT","is","large","THEN","NU_NOTA_REDACAO","is","medium"
"110","IF","NU_IDADE","is","small","and","TP_SEXO","is","large","and","TP_COR_RACA","is","small","and","Q006","is","large","and","Q027","is","medium","and","NU_NOTA_CN","is","medium","and","NU_NOTA_CH","is","medium","and","NU_NOTA_LC","is","medium","and","NU_NOTA_MT","is","medium","THEN","NU_NOTA_REDACAO","is","medium"
"111","IF","NU_IDADE","is","small","and","TP_SEXO","is","large","and","TP_COR_RACA","is","medium","and","Q006","is","large","and","Q027","is","medium","and","NU_NOTA_CN","is","large","and","NU_NOTA_CH","is","large","and","NU_NOTA_LC","is","large","and","NU_NOTA_MT","is","medium","THEN","NU_NOTA_REDACAO","is","medium"
"112","IF","NU_IDADE","is","small","and","TP_SEXO","is","large","and","TP_COR_RACA","is","medium","and","Q006","is","medium","and","Q027","is","medium","and","NU_NOTA_CN","is","large","and","NU_NOTA_CH","is","medium","and","NU_NOTA_LC","is","large","and","NU_NOTA_MT","is","large","THEN","NU_NOTA_REDACAO","is","medium"
"113","IF","NU_IDADE","is","small","and","TP_SEXO","is","large","and","TP_COR_RACA","is","small","and","Q006","is","small","and","Q027","is","medium","and","NU_NOTA_CN","is","large","and","NU_NOTA_CH","is","medium","and","NU_NOTA_LC","is","medium","and","NU_NOTA_MT","is","medium","THEN","NU_NOTA_REDACAO","is","medium"
"114","IF","NU_IDADE","is","small","and","TP_SEXO","is","large","and","TP_COR_RACA","is","small","and","Q006","is","medium","and","Q027","is","medium","and","NU_NOTA_CN","is","large","and","NU_NOTA_CH","is","medium","and","NU_NOTA_LC","is","large","and","NU_NOTA_MT","is","medium","THEN","NU_NOTA_REDACAO","is","medium"
"115","IF","NU_IDADE","is","small","and","TP_SEXO","is","large","and","TP_COR_RACA","is","medium","and","Q006","is","medium","and","Q027","is","large","and","NU_NOTA_CN","is","large","and","NU_NOTA_CH","is","large","and","NU_NOTA_LC","is","large","and","NU_NOTA_MT","is","large","THEN","NU_NOTA_REDACAO","is","large"
"116","IF","NU_IDADE","is","small","and","TP_SEXO","is","large","and","TP_COR_RACA","is","medium","and","Q006","is","large","and","Q027","is","medium","and","NU_NOTA_CN","is","medium","and","NU_NOTA_CH","is","medium","and","NU_NOTA_LC","is","medium","and","NU_NOTA_MT","is","medium","THEN","NU_NOTA_REDACAO","is","large"
"117","IF","NU_IDADE","is","small","and","TP_SEXO","is","large","and","TP_COR_RACA","is","medium","and","Q006","is","large","and","Q027","is","medium","and","NU_NOTA_CN","is","medium","and","NU_NOTA_CH","is","large","and","NU_NOTA_LC","is","medium","and","NU_NOTA_MT","is","medium","THEN","NU_NOTA_REDACAO","is","medium"
"118","IF","NU_IDADE","is","small","and","TP_SEXO","is","large","and","TP_COR_RACA","is","medium","and","Q006","is","medium","and","Q027","is","large","and","NU_NOTA_CN","is","medium","and","NU_NOTA_CH","is","large","and","NU_NOTA_LC","is","large","and","NU_NOTA_MT","is","medium","THEN","NU_NOTA_REDACAO","is","medium"
"119","IF","NU_IDADE","is","small","and","TP_SEXO","is","large","and","TP_COR_RACA","is","small","and","Q006","is","large","and","Q027","is","medium","and","NU_NOTA_CN","is","large","and","NU_NOTA_CH","is","medium","and","NU_NOTA_LC","is","large","and","NU_NOTA_MT","is","medium","THEN","NU_NOTA_REDACAO","is","medium"
"120","IF","NU_IDADE","is","small","and","TP_SEXO","is","large","and","TP_COR_RACA","is","small","and","Q006","is","small","and","Q027","is","medium","and","NU_NOTA_CN","is","medium","and","NU_NOTA_CH","is","large","and","NU_NOTA_LC","is","large","and","NU_NOTA_MT","is","medium","THEN","NU_NOTA_REDACAO","is","large"
"121","IF","NU_IDADE","is","small","and","TP_SEXO","is","large","and","TP_COR_RACA","is","medium","and","Q006","is","large","and","Q027","is","medium","and","NU_NOTA_CN","is","large","and","NU_NOTA_CH","is","medium","and","NU_NOTA_LC","is","medium","and","NU_NOTA_MT","is","medium","THEN","NU_NOTA_REDACAO","is","large"
"122","IF","NU_IDADE","is","small","and","TP_SEXO","is","large","and","TP_COR_RACA","is","small","and","Q006","is","medium","and","Q027","is","medium","and","NU_NOTA_CN","is","large","and","NU_NOTA_CH","is","large","and","NU_NOTA_LC","is","large","and","NU_NOTA_MT","is","large","THEN","NU_NOTA_REDACAO","is","large"
"123","IF","NU_IDADE","is","small","and","TP_SEXO","is","large","and","TP_COR_RACA","is","medium","and","Q006","is","large","and","Q027","is","small","and","NU_NOTA_CN","is","large","and","NU_NOTA_CH","is","large","and","NU_NOTA_LC","is","large","and","NU_NOTA_MT","is","medium","THEN","NU_NOTA_REDACAO","is","large"
"124","IF","NU_IDADE","is","small","and","TP_SEXO","is","large","and","TP_COR_RACA","is","medium","and","Q006","is","medium","and","Q027","is","medium","and","NU_NOTA_CN","is","medium","and","NU_NOTA_CH","is","medium","and","NU_NOTA_LC","is","medium","and","NU_NOTA_MT","is","medium","THEN","NU_NOTA_REDACAO","is","large"
"125","IF","NU_IDADE","is","small","and","TP_SEXO","is","large","and","TP_COR_RACA","is","small","and","Q006","is","small","and","Q027","is","large","and","NU_NOTA_CN","is","medium","and","NU_NOTA_CH","is","medium","and","NU_NOTA_LC","is","large","and","NU_NOTA_MT","is","medium","THEN","NU_NOTA_REDACAO","is","medium"
"126","IF","NU_IDADE","is","small","and","TP_SEXO","is","large","and","TP_COR_RACA","is","small","and","Q006","is","small","and","Q027","is","small","and","NU_NOTA_CN","is","medium","and","NU_NOTA_CH","is","medium","and","NU_NOTA_LC","is","large","and","NU_NOTA_MT","is","medium","THEN","NU_NOTA_REDACAO","is","large"
"127","IF","NU_IDADE","is","small","and","TP_SEXO","is","large","and","TP_COR_RACA","is","large","and","Q006","is","medium","and","Q027","is","small","and","NU_NOTA_CN","is","medium","and","NU_NOTA_CH","is","medium","and","NU_NOTA_LC","is","medium","and","NU_NOTA_MT","is","medium","THEN","NU_NOTA_REDACAO","is","medium"
"128","IF","NU_IDADE","is","small","and","TP_SEXO","is","large","and","TP_COR_RACA","is","medium","and","Q006","is","small","and","Q027","is","medium","and","NU_NOTA_CN","is","large","and","NU_NOTA_CH","is","large","and","NU_NOTA_LC","is","large","and","NU_NOTA_MT","is","large","THEN","NU_NOTA_REDACAO","is","medium"
"129","IF","NU_IDADE","is","small","and","TP_SEXO","is","large","and","TP_COR_RACA","is","small","and","Q006","is","small","and","Q027","is","medium","and","NU_NOTA_CN","is","medium","and","NU_NOTA_CH","is","medium","and","NU_NOTA_LC","is","medium","and","NU_NOTA_MT","is","medium","THEN","NU_NOTA_REDACAO","is","large"
"130","IF","NU_IDADE","is","small","and","TP_SEXO","is","large","and","TP_COR_RACA","is","small","and","Q006","is","small","and","Q027","is","small","and","NU_NOTA_CN","is","large","and","NU_NOTA_CH","is","medium","and","NU_NOTA_LC","is","large","and","NU_NOTA_MT","is","medium","THEN","NU_NOTA_REDACAO","is","large"
"131","IF","NU_IDADE","is","small","and","TP_SEXO","is","large","and","TP_COR_RACA","is","small","and","Q006","is","medium","and","Q027","is","small","and","NU_NOTA_CN","is","medium","and","NU_NOTA_CH","is","medium","and","NU_NOTA_LC","is","medium","and","NU_NOTA_MT","is","medium","THEN","NU_NOTA_REDACAO","is","large"
"132","IF","NU_IDADE","is","small","and","TP_SEXO","is","large","and","TP_COR_RACA","is","medium","and","Q006","is","large","and","Q027","is","small","and","NU_NOTA_CN","is","medium","and","NU_NOTA_CH","is","medium","and","NU_NOTA_LC","is","medium","and","NU_NOTA_MT","is","medium","THEN","NU_NOTA_REDACAO","is","medium"
"133","IF","NU_IDADE","is","small","and","TP_SEXO","is","large","and","TP_COR_RACA","is","medium","and","Q006","is","large","and","Q027","is","medium","and","NU_NOTA_CN","is","large","and","NU_NOTA_CH","is","medium","and","NU_NOTA_LC","is","large","and","NU_NOTA_MT","is","medium","THEN","NU_NOTA_REDACAO","is","large"
"134","IF","NU_IDADE","is","small","and","TP_SEXO","is","large","and","TP_COR_RACA","is","medium","and","Q006","is","medium","and","Q027","is","medium","and","NU_NOTA_CN","is","medium","and","NU_NOTA_CH","is","large","and","NU_NOTA_LC","is","large","and","NU_NOTA_MT","is","medium","THEN","NU_NOTA_REDACAO","is","large"
"135","IF","NU_IDADE","is","small","and","TP_SEXO","is","large","and","TP_COR_RACA","is","small","and","Q006","is","medium","and","Q027","is","medium","and","NU_NOTA_CN","is","large","and","NU_NOTA_CH","is","large","and","NU_NOTA_LC","is","large","and","NU_NOTA_MT","is","large","THEN","NU_NOTA_REDACAO","is","medium"
"136","IF","NU_IDADE","is","small","and","TP_SEXO","is","large","and","TP_COR_RACA","is","small","and","Q006","is","medium","and","Q027","is","medium","and","NU_NOTA_CN","is","medium","and","NU_NOTA_CH","is","medium","and","NU_NOTA_LC","is","large","and","NU_NOTA_MT","is","medium","THEN","NU_NOTA_REDACAO","is","large"
"137","IF","NU_IDADE","is","small","and","TP_SEXO","is","large","and","TP_COR_RACA","is","medium","and","Q006","is","medium","and","Q027","is","medium","and","NU_NOTA_CN","is","large","and","NU_NOTA_CH","is","medium","and","NU_NOTA_LC","is","medium","and","NU_NOTA_MT","is","medium","THEN","NU_NOTA_REDACAO","is","large"
"138","IF","NU_IDADE","is","small","and","TP_SEXO","is","large","and","TP_COR_RACA","is","medium","and","Q006","is","small","and","Q027","is","small","and","NU_NOTA_CN","is","medium","and","NU_NOTA_CH","is","medium","and","NU_NOTA_LC","is","large","and","NU_NOTA_MT","is","medium","THEN","NU_NOTA_REDACAO","is","large"
"139","IF","NU_IDADE","is","small","and","TP_SEXO","is","large","and","TP_COR_RACA","is","medium","and","Q006","is","medium","and","Q027","is","large","and","NU_NOTA_CN","is","medium","and","NU_NOTA_CH","is","medium","and","NU_NOTA_LC","is","large","and","NU_NOTA_MT","is","large","THEN","NU_NOTA_REDACAO","is","medium"
"140","IF","NU_IDADE","is","small","and","TP_SEXO","is","large","and","TP_COR_RACA","is","medium","and","Q006","is","large","and","Q027","is","large","and","NU_NOTA_CN","is","medium","and","NU_NOTA_CH","is","medium","and","NU_NOTA_LC","is","large","and","NU_NOTA_MT","is","large","THEN","NU_NOTA_REDACAO","is","medium"
"141","IF","NU_IDADE","is","small","and","TP_SEXO","is","large","and","TP_COR_RACA","is","small","and","Q006","is","medium","and","Q027","is","medium","and","NU_NOTA_CN","is","large","and","NU_NOTA_CH","is","medium","and","NU_NOTA_LC","is","large","and","NU_NOTA_MT","is","large","THEN","NU_NOTA_REDACAO","is","large"
"142","IF","NU_IDADE","is","small","and","TP_SEXO","is","large","and","TP_COR_RACA","is","medium","and","Q006","is","small","and","Q027","is","medium","and","NU_NOTA_CN","is","large","and","NU_NOTA_CH","is","medium","and","NU_NOTA_LC","is","medium","and","NU_NOTA_MT","is","medium","THEN","NU_NOTA_REDACAO","is","large"
"143","IF","NU_IDADE","is","small","and","TP_SEXO","is","large","and","TP_COR_RACA","is","medium","and","Q006","is","medium","and","Q027","is","large","and","NU_NOTA_CN","is","large","and","NU_NOTA_CH","is","large","and","NU_NOTA_LC","is","medium","and","NU_NOTA_MT","is","medium","THEN","NU_NOTA_REDACAO","is","medium"
"144","IF","NU_IDADE","is","small","and","TP_SEXO","is","large","and","TP_COR_RACA","is","small","and","Q006","is","large","and","Q027","is","large","and","NU_NOTA_CN","is","medium","and","NU_NOTA_CH","is","medium","and","NU_NOTA_LC","is","large","and","NU_NOTA_MT","is","medium","THEN","NU_NOTA_REDACAO","is","large"
"145","IF","NU_IDADE","is","small","and","TP_SEXO","is","large","and","TP_COR_RACA","is","medium","and","Q006","is","medium","and","Q027","is","large","and","NU_NOTA_CN","is","medium","and","NU_NOTA_CH","is","medium","and","NU_NOTA_LC","is","large","and","NU_NOTA_MT","is","large","THEN","NU_NOTA_REDACAO","is","large"
"146","IF","NU_IDADE","is","small","and","TP_SEXO","is","large","and","TP_COR_RACA","is","small","and","Q006","is","small","and","Q027","is","small","and","NU_NOTA_CN","is","large","and","NU_NOTA_CH","is","medium","and","NU_NOTA_LC","is","large","and","NU_NOTA_MT","is","medium","THEN","NU_NOTA_REDACAO","is","medium"
"147","IF","NU_IDADE","is","small","and","TP_SEXO","is","large","and","TP_COR_RACA","is","medium","and","Q006","is","small","and","Q027","is","small","and","NU_NOTA_CN","is","large","and","NU_NOTA_CH","is","medium","and","NU_NOTA_LC","is","large","and","NU_NOTA_MT","is","large","THEN","NU_NOTA_REDACAO","is","large"
"148","IF","NU_IDADE","is","small","and","TP_SEXO","is","large","and","TP_COR_RACA","is","medium","and","Q006","is","small","and","Q027","is","small","and","NU_NOTA_CN","is","medium","and","NU_NOTA_CH","is","medium","and","NU_NOTA_LC","is","medium","and","NU_NOTA_MT","is","medium","THEN","NU_NOTA_REDACAO","is","large"
"149","IF","NU_IDADE","is","small","and","TP_SEXO","is","large","and","TP_COR_RACA","is","medium","and","Q006","is","medium","and","Q027","is","medium","and","NU_NOTA_CN","is","large","and","NU_NOTA_CH","is","large","and","NU_NOTA_LC","is","medium","and","NU_NOTA_MT","is","medium","THEN","NU_NOTA_REDACAO","is","medium"
"150","IF","NU_IDADE","is","small","and","TP_SEXO","is","large","and","TP_COR_RACA","is","medium","and","Q006","is","medium","and","Q027","is","small","and","NU_NOTA_CN","is","large","and","NU_NOTA_CH","is","large","and","NU_NOTA_LC","is","large","and","NU_NOTA_MT","is","medium","THEN","NU_NOTA_REDACAO","is","medium"
"151","IF","NU_IDADE","is","small","and","TP_SEXO","is","large","and","TP_COR_RACA","is","small","and","Q006","is","small","and","Q027","is","medium","and","NU_NOTA_CN","is","medium","and","NU_NOTA_CH","is","large","and","NU_NOTA_LC","is","large","and","NU_NOTA_MT","is","medium","THEN","NU_NOTA_REDACAO","is","medium"
"152","IF","NU_IDADE","is","small","and","TP_SEXO","is","large","and","TP_COR_RACA","is","medium","and","Q006","is","small","and","Q027","is","large","and","NU_NOTA_CN","is","medium","and","NU_NOTA_CH","is","medium","and","NU_NOTA_LC","is","medium","and","NU_NOTA_MT","is","medium","THEN","NU_NOTA_REDACAO","is","large"
"153","IF","NU_IDADE","is","small","and","TP_SEXO","is","large","and","TP_COR_RACA","is","small","and","Q006","is","medium","and","Q027","is","medium","and","NU_NOTA_CN","is","large","and","NU_NOTA_CH","is","medium","and","NU_NOTA_LC","is","medium","and","NU_NOTA_MT","is","medium","THEN","NU_NOTA_REDACAO","is","medium"
"154","IF","NU_IDADE","is","small","and","TP_SEXO","is","large","and","TP_COR_RACA","is","medium","and","Q006","is","medium","and","Q027","is","small","and","NU_NOTA_CN","is","large","and","NU_NOTA_CH","is","medium","and","NU_NOTA_LC","is","large","and","NU_NOTA_MT","is","medium","THEN","NU_NOTA_REDACAO","is","medium"
"155","IF","NU_IDADE","is","small","and","TP_SEXO","is","large","and","TP_COR_RACA","is","medium","and","Q006","is","medium","and","Q027","is","small","and","NU_NOTA_CN","is","medium","and","NU_NOTA_CH","is","medium","and","NU_NOTA_LC","is","large","and","NU_NOTA_MT","is","medium","THEN","NU_NOTA_REDACAO","is","large"
"156","IF","NU_IDADE","is","small","and","TP_SEXO","is","large","and","TP_COR_RACA","is","medium","and","Q006","is","small","and","Q027","is","medium","and","NU_NOTA_CN","is","large","and","NU_NOTA_CH","is","large","and","NU_NOTA_LC","is","medium","and","NU_NOTA_MT","is","medium","THEN","NU_NOTA_REDACAO","is","medium"
"157","IF","NU_IDADE","is","small","and","TP_SEXO","is","large","and","TP_COR_RACA","is","medium","and","Q006","is","small","and","Q027","is","medium","and","NU_NOTA_CN","is","medium","and","NU_NOTA_CH","is","medium","and","NU_NOTA_LC","is","medium","and","NU_NOTA_MT","is","medium","THEN","NU_NOTA_REDACAO","is","large"
"158","IF","NU_IDADE","is","small","and","TP_SEXO","is","large","and","TP_COR_RACA","is","medium","and","Q006","is","small","and","Q027","is","large","and","NU_NOTA_CN","is","large","and","NU_NOTA_CH","is","medium","and","NU_NOTA_LC","is","medium","and","NU_NOTA_MT","is","medium","THEN","NU_NOTA_REDACAO","is","medium"
"159","IF","NU_IDADE","is","small","and","TP_SEXO","is","large","and","TP_COR_RACA","is","large","and","Q006","is","small","and","Q027","is","large","and","NU_NOTA_CN","is","medium","and","NU_NOTA_CH","is","medium","and","NU_NOTA_LC","is","large","and","NU_NOTA_MT","is","medium","THEN","NU_NOTA_REDACAO","is","medium"
"160","IF","NU_IDADE","is","small","and","TP_SEXO","is","large","and","TP_COR_RACA","is","medium","and","Q006","is","medium","and","Q027","is","medium","and","NU_NOTA_CN","is","medium","and","NU_NOTA_CH","is","medium","and","NU_NOTA_LC","is","large","and","NU_NOTA_MT","is","large","THEN","NU_NOTA_REDACAO","is","large"
"161","IF","NU_IDADE","is","small","and","TP_SEXO","is","large","and","TP_COR_RACA","is","small","and","Q006","is","small","and","Q027","is","small","and","NU_NOTA_CN","is","large","and","NU_NOTA_CH","is","medium","and","NU_NOTA_LC","is","medium","and","NU_NOTA_MT","is","medium","THEN","NU_NOTA_REDACAO","is","medium"
"162","IF","NU_IDADE","is","small","and","TP_SEXO","is","large","and","TP_COR_RACA","is","medium","and","Q006","is","large","and","Q027","is","medium","and","NU_NOTA_CN","is","medium","and","NU_NOTA_CH","is","large","and","NU_NOTA_LC","is","large","and","NU_NOTA_MT","is","large","THEN","NU_NOTA_REDACAO","is","medium"
"163","IF","NU_IDADE","is","small","and","TP_SEXO","is","large","and","TP_COR_RACA","is","medium","and","Q006","is","medium","and","Q027","is","medium","and","NU_NOTA_CN","is","medium","and","NU_NOTA_CH","is","large","and","NU_NOTA_LC","is","medium","and","NU_NOTA_MT","is","medium","THEN","NU_NOTA_REDACAO","is","medium"
"164","IF","NU_IDADE","is","small","and","TP_SEXO","is","large","and","TP_COR_RACA","is","medium","and","Q006","is","medium","and","Q027","is","medium","and","NU_NOTA_CN","is","large","and","NU_NOTA_CH","is","medium","and","NU_NOTA_LC","is","medium","and","NU_NOTA_MT","is","large","THEN","NU_NOTA_REDACAO","is","medium"
"165","IF","NU_IDADE","is","small","and","TP_SEXO","is","large","and","TP_COR_RACA","is","medium","and","Q006","is","small","and","Q027","is","large","and","NU_NOTA_CN","is","medium","and","NU_NOTA_CH","is","large","and","NU_NOTA_LC","is","large","and","NU_NOTA_MT","is","medium","THEN","NU_NOTA_REDACAO","is","medium"
"166","IF","NU_IDADE","is","small","and","TP_SEXO","is","large","and","TP_COR_RACA","is","small","and","Q006","is","medium","and","Q027","is","large","and","NU_NOTA_CN","is","large","and","NU_NOTA_CH","is","large","and","NU_NOTA_LC","is","large","and","NU_NOTA_MT","is","medium","THEN","NU_NOTA_REDACAO","is","medium"
"167","IF","NU_IDADE","is","small","and","TP_SEXO","is","large","and","TP_COR_RACA","is","medium","and","Q006","is","medium","and","Q027","is","medium","and","NU_NOTA_CN","is","medium","and","NU_NOTA_CH","is","medium","and","NU_NOTA_LC","is","medium","and","NU_NOTA_MT","is","large","THEN","NU_NOTA_REDACAO","is","medium"
"168","IF","NU_IDADE","is","small","and","TP_SEXO","is","large","and","TP_COR_RACA","is","small","and","Q006","is","medium","and","Q027","is","large","and","NU_NOTA_CN","is","medium","and","NU_NOTA_CH","is","large","and","NU_NOTA_LC","is","large","and","NU_NOTA_MT","is","large","THEN","NU_NOTA_REDACAO","is","large"
"169","IF","NU_IDADE","is","small","and","TP_SEXO","is","large","and","TP_COR_RACA","is","small","and","Q006","is","large","and","Q027","is","medium","and","NU_NOTA_CN","is","large","and","NU_NOTA_CH","is","large","and","NU_NOTA_LC","is","large","and","NU_NOTA_MT","is","medium","THEN","NU_NOTA_REDACAO","is","medium"
"170","IF","NU_IDADE","is","small","and","TP_SEXO","is","large","and","TP_COR_RACA","is","medium","and","Q006","is","small","and","Q027","is","large","and","NU_NOTA_CN","is","large","and","NU_NOTA_CH","is","medium","and","NU_NOTA_LC","is","medium","and","NU_NOTA_MT","is","medium","THEN","NU_NOTA_REDACAO","is","large"
"171","IF","NU_IDADE","is","small","and","TP_SEXO","is","large","and","TP_COR_RACA","is","small","and","Q006","is","small","and","Q027","is","medium","and","NU_NOTA_CN","is","large","and","NU_NOTA_CH","is","large","and","NU_NOTA_LC","is","large","and","NU_NOTA_MT","is","medium","THEN","NU_NOTA_REDACAO","is","medium"
"172","IF","NU_IDADE","is","small","and","TP_SEXO","is","large","and","TP_COR_RACA","is","medium","and","Q006","is","large","and","Q027","is","medium","and","NU_NOTA_CN","is","large","and","NU_NOTA_CH","is","medium","and","NU_NOTA_LC","is","medium","and","NU_NOTA_MT","is","large","THEN","NU_NOTA_REDACAO","is","medium"
"173","IF","NU_IDADE","is","small","and","TP_SEXO","is","large","and","TP_COR_RACA","is","small","and","Q006","is","small","and","Q027","is","medium","and","NU_NOTA_CN","is","medium","and","NU_NOTA_CH","is","large","and","NU_NOTA_LC","is","large","and","NU_NOTA_MT","is","large","THEN","NU_NOTA_REDACAO","is","large"
"174","IF","NU_IDADE","is","small","and","TP_SEXO","is","large","and","TP_COR_RACA","is","medium","and","Q006","is","medium","and","Q027","is","large","and","NU_NOTA_CN","is","large","and","NU_NOTA_CH","is","large","and","NU_NOTA_LC","is","large","and","NU_NOTA_MT","is","large","THEN","NU_NOTA_REDACAO","is","medium"
"175","IF","NU_IDADE","is","small","and","TP_SEXO","is","large","and","TP_COR_RACA","is","small","and","Q006","is","small","and","Q027","is","large","and","NU_NOTA_CN","is","large","and","NU_NOTA_CH","is","medium","and","NU_NOTA_LC","is","medium","and","NU_NOTA_MT","is","medium","THEN","NU_NOTA_REDACAO","is","medium"
"176","IF","NU_IDADE","is","small","and","TP_SEXO","is","large","and","TP_COR_RACA","is","medium","and","Q006","is","small","and","Q027","is","small","and","NU_NOTA_CN","is","large","and","NU_NOTA_CH","is","large","and","NU_NOTA_LC","is","large","and","NU_NOTA_MT","is","medium","THEN","NU_NOTA_REDACAO","is","large"
"177","IF","NU_IDADE","is","small","and","TP_SEXO","is","large","and","TP_COR_RACA","is","small","and","Q006","is","medium","and","Q027","is","large","and","NU_NOTA_CN","is","large","and","NU_NOTA_CH","is","medium","and","NU_NOTA_LC","is","large","and","NU_NOTA_MT","is","medium","THEN","NU_NOTA_REDACAO","is","medium"
"178","IF","NU_IDADE","is","small","and","TP_SEXO","is","large","and","TP_COR_RACA","is","medium","and","Q006","is","medium","and","Q027","is","medium","and","NU_NOTA_CN","is","medium","and","NU_NOTA_CH","is","large","and","NU_NOTA_LC","is","medium","and","NU_NOTA_MT","is","large","THEN","NU_NOTA_REDACAO","is","medium"
"179","IF","NU_IDADE","is","small","and","TP_SEXO","is","large","and","TP_COR_RACA","is","medium","and","Q006","is","small","and","Q027","is","medium","and","NU_NOTA_CN","is","large","and","NU_NOTA_CH","is","large","and","NU_NOTA_LC","is","medium","and","NU_NOTA_MT","is","medium","THEN","NU_NOTA_REDACAO","is","large"
"180","IF","NU_IDADE","is","small","and","TP_SEXO","is","large","and","TP_COR_RACA","is","medium","and","Q006","is","small","and","Q027","is","medium","and","NU_NOTA_CN","is","large","and","NU_NOTA_CH","is","medium","and","NU_NOTA_LC","is","large","and","NU_NOTA_MT","is","medium","THEN","NU_NOTA_REDACAO","is","large"
"181","IF","NU_IDADE","is","small","and","TP_SEXO","is","large","and","TP_COR_RACA","is","small","and","Q006","is","small","and","Q027","is","medium","and","NU_NOTA_CN","is","large","and","NU_NOTA_CH","is","large","and","NU_NOTA_LC","is","large","and","NU_NOTA_MT","is","large","THEN","NU_NOTA_REDACAO","is","large"
"182","IF","NU_IDADE","is","small","and","TP_SEXO","is","large","and","TP_COR_RACA","is","medium","and","Q006","is","medium","and","Q027","is","small","and","NU_NOTA_CN","is","large","and","NU_NOTA_CH","is","large","and","NU_NOTA_LC","is","medium","and","NU_NOTA_MT","is","medium","THEN","NU_NOTA_REDACAO","is","medium"
"183","IF","NU_IDADE","is","small","and","TP_SEXO","is","large","and","TP_COR_RACA","is","small","and","Q006","is","medium","and","Q027","is","large","and","NU_NOTA_CN","is","medium","and","NU_NOTA_CH","is","medium","and","NU_NOTA_LC","is","large","and","NU_NOTA_MT","is","large","THEN","NU_NOTA_REDACAO","is","medium"
"184","IF","NU_IDADE","is","small","and","TP_SEXO","is","large","and","TP_COR_RACA","is","medium","and","Q006","is","small","and","Q027","is","medium","and","NU_NOTA_CN","is","large","and","NU_NOTA_CH","is","medium","and","NU_NOTA_LC","is","large","and","NU_NOTA_MT","is","large","THEN","NU_NOTA_REDACAO","is","medium"
"185","IF","NU_IDADE","is","medium","and","TP_SEXO","is","large","and","TP_COR_RACA","is","small","and","Q006","is","small","and","Q027","is","large","and","NU_NOTA_CN","is","medium","and","NU_NOTA_CH","is","medium","and","NU_NOTA_LC","is","medium","and","NU_NOTA_MT","is","medium","THEN","NU_NOTA_REDACAO","is","medium"
"186","IF","NU_IDADE","is","small","and","TP_SEXO","is","large","and","TP_COR_RACA","is","medium","and","Q006","is","medium","and","Q027","is","medium","and","NU_NOTA_CN","is","large","and","NU_NOTA_CH","is","large","and","NU_NOTA_LC","is","medium","and","NU_NOTA_MT","is","medium","THEN","NU_NOTA_REDACAO","is","large"
"187","IF","NU_IDADE","is","small","and","TP_SEXO","is","large","and","TP_COR_RACA","is","medium","and","Q006","is","small","and","Q027","is","small","and","NU_NOTA_CN","is","large","and","NU_NOTA_CH","is","medium","and","NU_NOTA_LC","is","medium","and","NU_NOTA_MT","is","medium","THEN","NU_NOTA_REDACAO","is","medium"
"188","IF","NU_IDADE","is","small","and","TP_SEXO","is","large","and","TP_COR_RACA","is","medium","and","Q006","is","small","and","Q027","is","small","and","NU_NOTA_CN","is","medium","and","NU_NOTA_CH","is","medium","and","NU_NOTA_LC","is","large","and","NU_NOTA_MT","is","large","THEN","NU_NOTA_REDACAO","is","large"
"189","IF","NU_IDADE","is","small","and","TP_SEXO","is","large","and","TP_COR_RACA","is","medium","and","Q006","is","large","and","Q027","is","large","and","NU_NOTA_CN","is","large","and","NU_NOTA_CH","is","large","and","NU_NOTA_LC","is","large","and","NU_NOTA_MT","is","large","THEN","NU_NOTA_REDACAO","is","large"
"190","IF","NU_IDADE","is","small","and","TP_SEXO","is","large","and","TP_COR_RACA","is","large","and","Q006","is","small","and","Q027","is","small","and","NU_NOTA_CN","is","medium","and","NU_NOTA_CH","is","medium","and","NU_NOTA_LC","is","medium","and","NU_NOTA_MT","is","medium","THEN","NU_NOTA_REDACAO","is","medium"
"191","IF","NU_IDADE","is","small","and","TP_SEXO","is","large","and","TP_COR_RACA","is","small","and","Q006","is","small","and","Q027","is","large","and","NU_NOTA_CN","is","large","and","NU_NOTA_CH","is","medium","and","NU_NOTA_LC","is","large","and","NU_NOTA_MT","is","medium","THEN","NU_NOTA_REDACAO","is","medium"
"192","IF","NU_IDADE","is","small","and","TP_SEXO","is","large","and","TP_COR_RACA","is","small","and","Q006","is","large","and","Q027","is","medium","and","NU_NOTA_CN","is","medium","and","NU_NOTA_CH","is","medium","and","NU_NOTA_LC","is","large","and","NU_NOTA_MT","is","medium","THEN","NU_NOTA_REDACAO","is","large"
"193","IF","NU_IDADE","is","small","and","TP_SEXO","is","large","and","TP_COR_RACA","is","large","and","Q006","is","small","and","Q027","is","medium","and","NU_NOTA_CN","is","medium","and","NU_NOTA_CH","is","medium","and","NU_NOTA_LC","is","medium","and","NU_NOTA_MT","is","medium","THEN","NU_NOTA_REDACAO","is","medium"
"194","IF","NU_IDADE","is","small","and","TP_SEXO","is","large","and","TP_COR_RACA","is","medium","and","Q006","is","small","and","Q027","is","large","and","NU_NOTA_CN","is","large","and","NU_NOTA_CH","is","large","and","NU_NOTA_LC","is","large","and","NU_NOTA_MT","is","large","THEN","NU_NOTA_REDACAO","is","large"
"195","IF","NU_IDADE","is","small","and","TP_SEXO","is","large","and","TP_COR_RACA","is","small","and","Q006","is","small","and","Q027","is","large","and","NU_NOTA_CN","is","large","and","NU_NOTA_CH","is","large","and","NU_NOTA_LC","is","large","and","NU_NOTA_MT","is","large","THEN","NU_NOTA_REDACAO","is","large"
"196","IF","NU_IDADE","is","small","and","TP_SEXO","is","large","and","TP_COR_RACA","is","medium","and","Q006","is","small","and","Q027","is","medium","and","NU_NOTA_CN","is","large","and","NU_NOTA_CH","is","large","and","NU_NOTA_LC","is","medium","and","NU_NOTA_MT","is","large","THEN","NU_NOTA_REDACAO","is","medium"
"197","IF","NU_IDADE","is","small","and","TP_SEXO","is","large","and","TP_COR_RACA","is","medium","and","Q006","is","medium","and","Q027","is","large","and","NU_NOTA_CN","is","medium","and","NU_NOTA_CH","is","medium","and","NU_NOTA_LC","is","medium","and","NU_NOTA_MT","is","medium","THEN","NU_NOTA_REDACAO","is","large"
"198","IF","NU_IDADE","is","small","and","TP_SEXO","is","large","and","TP_COR_RACA","is","medium","and","Q006","is","large","and","Q027","is","large","and","NU_NOTA_CN","is","medium","and","NU_NOTA_CH","is","medium","and","NU_NOTA_LC","is","large","and","NU_NOTA_MT","is","medium","THEN","NU_NOTA_REDACAO","is","medium"
"199","IF","NU_IDADE","is","small","and","TP_SEXO","is","large","and","TP_COR_RACA","is","small","and","Q006","is","medium","and","Q027","is","medium","and","NU_NOTA_CN","is","medium","and","NU_NOTA_CH","is","medium","and","NU_NOTA_LC","is","large","and","NU_NOTA_MT","is","large","THEN","NU_NOTA_REDACAO","is","medium"
"200","IF","NU_IDADE","is","small","and","TP_SEXO","is","large","and","TP_COR_RACA","is","medium","and","Q006","is","medium","and","Q027","is","small","and","NU_NOTA_CN","is","medium","and","NU_NOTA_CH","is","large","and","NU_NOTA_LC","is","large","and","NU_NOTA_MT","is","medium","THEN","NU_NOTA_REDACAO","is","medium"
"201","IF","NU_IDADE","is","small","and","TP_SEXO","is","large","and","TP_COR_RACA","is","small","and","Q006","is","large","and","Q027","is","medium","and","NU_NOTA_CN","is","large","and","NU_NOTA_CH","is","medium","and","NU_NOTA_LC","is","medium","and","NU_NOTA_MT","is","large","THEN","NU_NOTA_REDACAO","is","medium"
"202","IF","NU_IDADE","is","small","and","TP_SEXO","is","large","and","TP_COR_RACA","is","medium","and","Q006","is","large","and","Q027","is","small","and","NU_NOTA_CN","is","large","and","NU_NOTA_CH","is","large","and","NU_NOTA_LC","is","large","and","NU_NOTA_MT","is","medium","THEN","NU_NOTA_REDACAO","is","medium"
"203","IF","NU_IDADE","is","small","and","TP_SEXO","is","large","and","TP_COR_RACA","is","medium","and","Q006","is","medium","and","Q027","is","large","and","NU_NOTA_CN","is","large","and","NU_NOTA_CH","is","large","and","NU_NOTA_LC","is","large","and","NU_NOTA_MT","is","medium","THEN","NU_NOTA_REDACAO","is","medium"
"204","IF","NU_IDADE","is","small","and","TP_SEXO","is","large","and","TP_COR_RACA","is","medium","and","Q006","is","medium","and","Q027","is","medium","and","NU_NOTA_CN","is","medium","and","NU_NOTA_CH","is","medium","and","NU_NOTA_LC","is","medium","and","NU_NOTA_MT","is","large","THEN","NU_NOTA_REDACAO","is","large"
"205","IF","NU_IDADE","is","small","and","TP_SEXO","is","large","and","TP_COR_RACA","is","medium","and","Q006","is","small","and","Q027","is","medium","and","NU_NOTA_CN","is","medium","and","NU_NOTA_CH","is","large","and","NU_NOTA_LC","is","medium","and","NU_NOTA_MT","is","medium","THEN","NU_NOTA_REDACAO","is","medium"
"206","IF","NU_IDADE","is","small","and","TP_SEXO","is","large","and","TP_COR_RACA","is","medium","and","Q006","is","large","and","Q027","is","large","and","NU_NOTA_CN","is","large","and","NU_NOTA_CH","is","medium","and","NU_NOTA_LC","is","large","and","NU_NOTA_MT","is","large","THEN","NU_NOTA_REDACAO","is","large"
"207","IF","NU_IDADE","is","small","and","TP_SEXO","is","large","and","TP_COR_RACA","is","small","and","Q006","is","medium","and","Q027","is","medium","and","NU_NOTA_CN","is","medium","and","NU_NOTA_CH","is","large","and","NU_NOTA_LC","is","large","and","NU_NOTA_MT","is","large","THEN","NU_NOTA_REDACAO","is","large"
"208","IF","NU_IDADE","is","small","and","TP_SEXO","is","large","and","TP_COR_RACA","is","medium","and","Q006","is","medium","and","Q027","is","medium","and","NU_NOTA_CN","is","medium","and","NU_NOTA_CH","is","medium","and","NU_NOTA_LC","is","large","and","NU_NOTA_MT","is","large","THEN","NU_NOTA_REDACAO","is","medium"
"209","IF","NU_IDADE","is","small","and","TP_SEXO","is","large","and","TP_COR_RACA","is","medium","and","Q006","is","medium","and","Q027","is","small","and","NU_NOTA_CN","is","medium","and","NU_NOTA_CH","is","medium","and","NU_NOTA_LC","is","medium","and","NU_NOTA_MT","is","large","THEN","NU_NOTA_REDACAO","is","medium"
"210","IF","NU_IDADE","is","small","and","TP_SEXO","is","large","and","TP_COR_RACA","is","medium","and","Q006","is","medium","and","Q027","is","small","and","NU_NOTA_CN","is","large","and","NU_NOTA_CH","is","medium","and","NU_NOTA_LC","is","large","and","NU_NOTA_MT","is","large","THEN","NU_NOTA_REDACAO","is","medium"
"211","IF","NU_IDADE","is","small","and","TP_SEXO","is","large","and","TP_COR_RACA","is","medium","and","Q006","is","medium","and","Q027","is","large","and","NU_NOTA_CN","is","medium","and","NU_NOTA_CH","is","medium","and","NU_NOTA_LC","is","large","and","NU_NOTA_MT","is","medium","THEN","NU_NOTA_REDACAO","is","large"
"212","IF","NU_IDADE","is","small","and","TP_SEXO","is","large","and","TP_COR_RACA","is","medium","and","Q006","is","medium","and","Q027","is","large","and","NU_NOTA_CN","is","large","and","NU_NOTA_CH","is","large","and","NU_NOTA_LC","is","medium","and","NU_NOTA_MT","is","large","THEN","NU_NOTA_REDACAO","is","medium"
"213","IF","NU_IDADE","is","small","and","TP_SEXO","is","large","and","TP_COR_RACA","is","medium","and","Q006","is","large","and","Q027","is","small","and","NU_NOTA_CN","is","large","and","NU_NOTA_CH","is","large","and","NU_NOTA_LC","is","large","and","NU_NOTA_MT","is","large","THEN","NU_NOTA_REDACAO","is","medium"
"214","IF","NU_IDADE","is","small","and","TP_SEXO","is","large","and","TP_COR_RACA","is","small","and","Q006","is","large","and","Q027","is","medium","and","NU_NOTA_CN","is","medium","and","NU_NOTA_CH","is","large","and","NU_NOTA_LC","is","large","and","NU_NOTA_MT","is","medium","THEN","NU_NOTA_REDACAO","is","large"
"215","IF","NU_IDADE","is","small","and","TP_SEXO","is","large","and","TP_COR_RACA","is","small","and","Q006","is","small","and","Q027","is","large","and","NU_NOTA_CN","is","medium","and","NU_NOTA_CH","is","large","and","NU_NOTA_LC","is","large","and","NU_NOTA_MT","is","medium","THEN","NU_NOTA_REDACAO","is","medium"
"216","IF","NU_IDADE","is","small","and","TP_SEXO","is","large","and","TP_COR_RACA","is","small","and","Q006","is","medium","and","Q027","is","large","and","NU_NOTA_CN","is","large","and","NU_NOTA_CH","is","large","and","NU_NOTA_LC","is","large","and","NU_NOTA_MT","is","large","THEN","NU_NOTA_REDACAO","is","large"
"217","IF","NU_IDADE","is","small","and","TP_SEXO","is","large","and","TP_COR_RACA","is","small","and","Q006","is","small","and","Q027","is","large","and","NU_NOTA_CN","is","medium","and","NU_NOTA_CH","is","medium","and","NU_NOTA_LC","is","medium","and","NU_NOTA_MT","is","medium","THEN","NU_NOTA_REDACAO","is","large"
"218","IF","NU_IDADE","is","small","and","TP_SEXO","is","large","and","TP_COR_RACA","is","small","and","Q006","is","large","and","Q027","is","medium","and","NU_NOTA_CN","is","medium","and","NU_NOTA_CH","is","medium","and","NU_NOTA_LC","is","large","and","NU_NOTA_MT","is","medium","THEN","NU_NOTA_REDACAO","is","medium"
"219","IF","NU_IDADE","is","small","and","TP_SEXO","is","large","and","TP_COR_RACA","is","medium","and","Q006","is","large","and","Q027","is","small","and","NU_NOTA_CN","is","large","and","NU_NOTA_CH","is","medium","and","NU_NOTA_LC","is","medium","and","NU_NOTA_MT","is","medium","THEN","NU_NOTA_REDACAO","is","medium"
"220","IF","NU_IDADE","is","small","and","TP_SEXO","is","large","and","TP_COR_RACA","is","small","and","Q006","is","medium","and","Q027","is","large","and","NU_NOTA_CN","is","large","and","NU_NOTA_CH","is","medium","and","NU_NOTA_LC","is","large","and","NU_NOTA_MT","is","large","THEN","NU_NOTA_REDACAO","is","medium"
"221","IF","NU_IDADE","is","small","and","TP_SEXO","is","large","and","TP_COR_RACA","is","medium","and","Q006","is","small","and","Q027","is","large","and","NU_NOTA_CN","is","medium","and","NU_NOTA_CH","is","medium","and","NU_NOTA_LC","is","large","and","NU_NOTA_MT","is","medium","THEN","NU_NOTA_REDACAO","is","large"
"222","IF","NU_IDADE","is","small","and","TP_SEXO","is","large","and","TP_COR_RACA","is","medium","and","Q006","is","small","and","Q027","is","medium","and","NU_NOTA_CN","is","medium","and","NU_NOTA_CH","is","large","and","NU_NOTA_LC","is","large","and","NU_NOTA_MT","is","large","THEN","NU_NOTA_REDACAO","is","medium"
"223","IF","NU_IDADE","is","small","and","TP_SEXO","is","large","and","TP_COR_RACA","is","small","and","Q006","is","medium","and","Q027","is","large","and","NU_NOTA_CN","is","medium","and","NU_NOTA_CH","is","large","and","NU_NOTA_LC","is","large","and","NU_NOTA_MT","is","medium","THEN","NU_NOTA_REDACAO","is","medium"
"224","IF","NU_IDADE","is","small","and","TP_SEXO","is","large","and","TP_COR_RACA","is","medium","and","Q006","is","medium","and","Q027","is","small","and","NU_NOTA_CN","is","large","and","NU_NOTA_CH","is","medium","and","NU_NOTA_LC","is","medium","and","NU_NOTA_MT","is","medium","THEN","NU_NOTA_REDACAO","is","medium"
"225","IF","NU_IDADE","is","small","and","TP_SEXO","is","large","and","TP_COR_RACA","is","small","and","Q006","is","large","and","Q027","is","small","and","NU_NOTA_CN","is","medium","and","NU_NOTA_CH","is","medium","and","NU_NOTA_LC","is","medium","and","NU_NOTA_MT","is","medium","THEN","NU_NOTA_REDACAO","is","medium"
"226","IF","NU_IDADE","is","small","and","TP_SEXO","is","large","and","TP_COR_RACA","is","small","and","Q006","is","medium","and","Q027","is","small","and","NU_NOTA_CN","is","large","and","NU_NOTA_CH","is","medium","and","NU_NOTA_LC","is","medium","and","NU_NOTA_MT","is","medium","THEN","NU_NOTA_REDACAO","is","medium"
"227","IF","NU_IDADE","is","small","and","TP_SEXO","is","large","and","TP_COR_RACA","is","small","and","Q006","is","small","and","Q027","is","large","and","NU_NOTA_CN","is","large","and","NU_NOTA_CH","is","large","and","NU_NOTA_LC","is","large","and","NU_NOTA_MT","is","large","THEN","NU_NOTA_REDACAO","is","medium"
"228","IF","NU_IDADE","is","small","and","TP_SEXO","is","large","and","TP_COR_RACA","is","medium","and","Q006","is","small","and","Q027","is","large","and","NU_NOTA_CN","is","large","and","NU_NOTA_CH","is","medium","and","NU_NOTA_LC","is","large","and","NU_NOTA_MT","is","medium","THEN","NU_NOTA_REDACAO","is","medium"
"229","IF","NU_IDADE","is","small","and","TP_SEXO","is","large","and","TP_COR_RACA","is","small","and","Q006","is","small","and","Q027","is","small","and","NU_NOTA_CN","is","medium","and","NU_NOTA_CH","is","large","and","NU_NOTA_LC","is","large","and","NU_NOTA_MT","is","medium","THEN","NU_NOTA_REDACAO","is","medium"
"230","IF","NU_IDADE","is","small","and","TP_SEXO","is","large","and","TP_COR_RACA","is","medium","and","Q006","is","small","and","Q027","is","large","and","NU_NOTA_CN","is","large","and","NU_NOTA_CH","is","large","and","NU_NOTA_LC","is","medium","and","NU_NOTA_MT","is","medium","THEN","NU_NOTA_REDACAO","is","medium"
"231","IF","NU_IDADE","is","small","and","TP_SEXO","is","large","and","TP_COR_RACA","is","large","and","Q006","is","large","and","Q027","is","medium","and","NU_NOTA_CN","is","large","and","NU_NOTA_CH","is","large","and","NU_NOTA_LC","is","large","and","NU_NOTA_MT","is","large","THEN","NU_NOTA_REDACAO","is","large"
"232","IF","NU_IDADE","is","small","and","TP_SEXO","is","large","and","TP_COR_RACA","is","small","and","Q006","is","medium","and","Q027","is","small","and","NU_NOTA_CN","is","large","and","NU_NOTA_CH","is","large","and","NU_NOTA_LC","is","medium","and","NU_NOTA_MT","is","medium","THEN","NU_NOTA_REDACAO","is","medium"
"233","IF","NU_IDADE","is","small","and","TP_SEXO","is","large","and","TP_COR_RACA","is","medium","and","Q006","is","small","and","Q027","is","small","and","NU_NOTA_CN","is","medium","and","NU_NOTA_CH","is","large","and","NU_NOTA_LC","is","large","and","NU_NOTA_MT","is","medium","THEN","NU_NOTA_REDACAO","is","medium"
"234","IF","NU_IDADE","is","small","and","TP_SEXO","is","large","and","TP_COR_RACA","is","large","and","Q006","is","medium","and","Q027","is","medium","and","NU_NOTA_CN","is","medium","and","NU_NOTA_CH","is","medium","and","NU_NOTA_LC","is","medium","and","NU_NOTA_MT","is","medium","THEN","NU_NOTA_REDACAO","is","medium"
"235","IF","NU_IDADE","is","medium","and","TP_SEXO","is","large","and","TP_COR_RACA","is","medium","and","Q006","is","small","and","Q027","is","small","and","NU_NOTA_CN","is","medium","and","NU_NOTA_CH","is","medium","and","NU_NOTA_LC","is","medium","and","NU_NOTA_MT","is","medium","THEN","NU_NOTA_REDACAO","is","medium"
"236","IF","NU_IDADE","is","small","and","TP_SEXO","is","large","and","TP_COR_RACA","is","small","and","Q006","is","small","and","Q027","is","small","and","NU_NOTA_CN","is","large","and","NU_NOTA_CH","is","large","and","NU_NOTA_LC","is","large","and","NU_NOTA_MT","is","medium","THEN","NU_NOTA_REDACAO","is","large"
"237","IF","NU_IDADE","is","small","and","TP_SEXO","is","large","and","TP_COR_RACA","is","small","and","Q006","is","small","and","Q027","is","large","and","NU_NOTA_CN","is","large","and","NU_NOTA_CH","is","large","and","NU_NOTA_LC","is","large","and","NU_NOTA_MT","is","medium","THEN","NU_NOTA_REDACAO","is","medium"
"238","IF","NU_IDADE","is","small","and","TP_SEXO","is","large","and","TP_COR_RACA","is","small","and","Q006","is","medium","and","Q027","is","small","and","NU_NOTA_CN","is","medium","and","NU_NOTA_CH","is","large","and","NU_NOTA_LC","is","large","and","NU_NOTA_MT","is","medium","THEN","NU_NOTA_REDACAO","is","medium"
"239","IF","NU_IDADE","is","small","and","TP_SEXO","is","large","and","TP_COR_RACA","is","medium","and","Q006","is","small","and","Q027","is","small","and","NU_NOTA_CN","is","large","and","NU_NOTA_CH","is","medium","and","NU_NOTA_LC","is","large","and","NU_NOTA_MT","is","large","THEN","NU_NOTA_REDACAO","is","medium"
"240","IF","NU_IDADE","is","small","and","TP_SEXO","is","large","and","TP_COR_RACA","is","medium","and","Q006","is","medium","and","Q027","is","small","and","NU_NOTA_CN","is","large","and","NU_NOTA_CH","is","medium","and","NU_NOTA_LC","is","large","and","NU_NOTA_MT","is","medium","THEN","NU_NOTA_REDACAO","is","large"
"241","IF","NU_IDADE","is","small","and","TP_SEXO","is","large","and","TP_COR_RACA","is","small","and","Q006","is","medium","and","Q027","is","medium","and","NU_NOTA_CN","is","large","and","NU_NOTA_CH","is","medium","and","NU_NOTA_LC","is","medium","and","NU_NOTA_MT","is","large","THEN","NU_NOTA_REDACAO","is","large"
"242","IF","NU_IDADE","is","small","and","TP_SEXO","is","large","and","TP_COR_RACA","is","small","and","Q006","is","small","and","Q027","is","medium","and","NU_NOTA_CN","is","medium","and","NU_NOTA_CH","is","medium","and","NU_NOTA_LC","is","medium","and","NU_NOTA_MT","is","large","THEN","NU_NOTA_REDACAO","is","large"
"243","IF","NU_IDADE","is","small","and","TP_SEXO","is","large","and","TP_COR_RACA","is","medium","and","Q006","is","medium","and","Q027","is","small","and","NU_NOTA_CN","is","medium","and","NU_NOTA_CH","is","medium","and","NU_NOTA_LC","is","large","and","NU_NOTA_MT","is","large","THEN","NU_NOTA_REDACAO","is","medium"
"244","IF","NU_IDADE","is","small","and","TP_SEXO","is","large","and","TP_COR_RACA","is","small","and","Q006","is","medium","and","Q027","is","large","and","NU_NOTA_CN","is","medium","and","NU_NOTA_CH","is","medium","and","NU_NOTA_LC","is","medium","and","NU_NOTA_MT","is","medium","THEN","NU_NOTA_REDACAO","is","large"
"245","IF","NU_IDADE","is","small","and","TP_SEXO","is","large","and","TP_COR_RACA","is","small","and","Q006","is","large","and","Q027","is","small","and","NU_NOTA_CN","is","large","and","NU_NOTA_CH","is","medium","and","NU_NOTA_LC","is","large","and","NU_NOTA_MT","is","medium","THEN","NU_NOTA_REDACAO","is","medium"
"246","IF","NU_IDADE","is","small","and","TP_SEXO","is","large","and","TP_COR_RACA","is","small","and","Q006","is","medium","and","Q027","is","medium","and","NU_NOTA_CN","is","large","and","NU_NOTA_CH","is","medium","and","NU_NOTA_LC","is","medium","and","NU_NOTA_MT","is","medium","THEN","NU_NOTA_REDACAO","is","large"
"247","IF","NU_IDADE","is","small","and","TP_SEXO","is","large","and","TP_COR_RACA","is","small","and","Q006","is","medium","and","Q027","is","medium","and","NU_NOTA_CN","is","medium","and","NU_NOTA_CH","is","large","and","NU_NOTA_LC","is","medium","and","NU_NOTA_MT","is","medium","THEN","NU_NOTA_REDACAO","is","medium"
"248","IF","NU_IDADE","is","small","and","TP_SEXO","is","large","and","TP_COR_RACA","is","medium","and","Q006","is","medium","and","Q027","is","small","and","NU_NOTA_CN","is","medium","and","NU_NOTA_CH","is","large","and","NU_NOTA_LC","is","large","and","NU_NOTA_MT","is","large","THEN","NU_NOTA_REDACAO","is","medium"
"249","IF","NU_IDADE","is","small","and","TP_SEXO","is","large","and","TP_COR_RACA","is","medium","and","Q006","is","medium","and","Q027","is","large","and","NU_NOTA_CN","is","large","and","NU_NOTA_CH","is","medium","and","NU_NOTA_LC","is","large","and","NU_NOTA_MT","is","large","THEN","NU_NOTA_REDACAO","is","medium"
"250","IF","NU_IDADE","is","small","and","TP_SEXO","is","large","and","TP_COR_RACA","is","small","and","Q006","is","small","and","Q027","is","large","and","NU_NOTA_CN","is","medium","and","NU_NOTA_CH","is","large","and","NU_NOTA_LC","is","large","and","NU_NOTA_MT","is","medium","THEN","NU_NOTA_REDACAO","is","large"
"251","IF","NU_IDADE","is","small","and","TP_SEXO","is","large","and","TP_COR_RACA","is","small","and","Q006","is","large","and","Q027","is","small","and","NU_NOTA_CN","is","medium","and","NU_NOTA_CH","is","medium","and","NU_NOTA_LC","is","large","and","NU_NOTA_MT","is","medium","THEN","NU_NOTA_REDACAO","is","medium"
"252","IF","NU_IDADE","is","small","and","TP_SEXO","is","large","and","TP_COR_RACA","is","small","and","Q006","is","medium","and","Q027","is","medium","and","NU_NOTA_CN","is","large","and","NU_NOTA_CH","is","medium","and","NU_NOTA_LC","is","large","and","NU_NOTA_MT","is","large","THEN","NU_NOTA_REDACAO","is","medium"
"253","IF","NU_IDADE","is","small","and","TP_SEXO","is","large","and","TP_COR_RACA","is","medium","and","Q006","is","small","and","Q027","is","small","and","NU_NOTA_CN","is","medium","and","NU_NOTA_CH","is","large","and","NU_NOTA_LC","is","medium","and","NU_NOTA_MT","is","medium","THEN","NU_NOTA_REDACAO","is","medium"
"254","IF","NU_IDADE","is","small","and","TP_SEXO","is","large","and","TP_COR_RACA","is","small","and","Q006","is","large","and","Q027","is","medium","and","NU_NOTA_CN","is","medium","and","NU_NOTA_CH","is","large","and","NU_NOTA_LC","is","large","and","NU_NOTA_MT","is","large","THEN","NU_NOTA_REDACAO","is","medium"
"255","IF","NU_IDADE","is","small","and","TP_SEXO","is","large","and","TP_COR_RACA","is","medium","and","Q006","is","large","and","Q027","is","small","and","NU_NOTA_CN","is","medium","and","NU_NOTA_CH","is","medium","and","NU_NOTA_LC","is","large","and","NU_NOTA_MT","is","medium","THEN","NU_NOTA_REDACAO","is","large"
"256","IF","NU_IDADE","is","small","and","TP_SEXO","is","large","and","TP_COR_RACA","is","medium","and","Q006","is","small","and","Q027","is","large","and","NU_NOTA_CN","is","medium","and","NU_NOTA_CH","is","medium","and","NU_NOTA_LC","is","large","and","NU_NOTA_MT","is","large","THEN","NU_NOTA_REDACAO","is","medium"
"257","IF","NU_IDADE","is","small","and","TP_SEXO","is","large","and","TP_COR_RACA","is","small","and","Q006","is","medium","and","Q027","is","large","and","NU_NOTA_CN","is","large","and","NU_NOTA_CH","is","medium","and","NU_NOTA_LC","is","medium","and","NU_NOTA_MT","is","medium","THEN","NU_NOTA_REDACAO","is","medium"
"258","IF","NU_IDADE","is","small","and","TP_SEXO","is","large","and","TP_COR_RACA","is","medium","and","Q006","is","small","and","Q027","is","small","and","NU_NOTA_CN","is","large","and","NU_NOTA_CH","is","large","and","NU_NOTA_LC","is","large","and","NU_NOTA_MT","is","large","THEN","NU_NOTA_REDACAO","is","medium"
"259","IF","NU_IDADE","is","small","and","TP_SEXO","is","large","and","TP_COR_RACA","is","medium","and","Q006","is","medium","and","Q027","is","small","and","NU_NOTA_CN","is","medium","and","NU_NOTA_CH","is","medium","and","NU_NOTA_LC","is","medium","and","NU_NOTA_MT","is","medium","THEN","NU_NOTA_REDACAO","is","small"
"260","IF","NU_IDADE","is","small","and","TP_SEXO","is","large","and","TP_COR_RACA","is","small","and","Q006","is","small","and","Q027","is","medium","and","NU_NOTA_CN","is","medium","and","NU_NOTA_CH","is","medium","and","NU_NOTA_LC","is","medium","and","NU_NOTA_MT","is","large","THEN","NU_NOTA_REDACAO","is","medium"
"261","IF","NU_IDADE","is","small","and","TP_SEXO","is","large","and","TP_COR_RACA","is","medium","and","Q006","is","medium","and","Q027","is","small","and","NU_NOTA_CN","is","large","and","NU_NOTA_CH","is","large","and","NU_NOTA_LC","is","large","and","NU_NOTA_MT","is","large","THEN","NU_NOTA_REDACAO","is","medium"
"262","IF","NU_IDADE","is","small","and","TP_SEXO","is","large","and","TP_COR_RACA","is","small","and","Q006","is","small","and","Q027","is","medium","and","NU_NOTA_CN","is","medium","and","NU_NOTA_CH","is","medium","and","NU_NOTA_LC","is","large","and","NU_NOTA_MT","is","large","THEN","NU_NOTA_REDACAO","is","medium"
"263","IF","NU_IDADE","is","small","and","TP_SEXO","is","large","and","TP_COR_RACA","is","medium","and","Q006","is","medium","and","Q027","is","large","and","NU_NOTA_CN","is","large","and","NU_NOTA_CH","is","medium","and","NU_NOTA_LC","is","medium","and","NU_NOTA_MT","is","large","THEN","NU_NOTA_REDACAO","is","large"
"264","IF","NU_IDADE","is","small","and","TP_SEXO","is","large","and","TP_COR_RACA","is","small","and","Q006","is","medium","and","Q027","is","medium","and","NU_NOTA_CN","is","medium","and","NU_NOTA_CH","is","large","and","NU_NOTA_LC","is","medium","and","NU_NOTA_MT","is","large","THEN","NU_NOTA_REDACAO","is","medium"
"265","IF","NU_IDADE","is","small","and","TP_SEXO","is","large","and","TP_COR_RACA","is","medium","and","Q006","is","small","and","Q027","is","medium","and","NU_NOTA_CN","is","large","and","NU_NOTA_CH","is","medium","and","NU_NOTA_LC","is","medium","and","NU_NOTA_MT","is","large","THEN","NU_NOTA_REDACAO","is","large"
"266","IF","NU_IDADE","is","small","and","TP_SEXO","is","large","and","TP_COR_RACA","is","large","and","Q006","is","small","and","Q027","is","large","and","NU_NOTA_CN","is","medium","and","NU_NOTA_CH","is","medium","and","NU_NOTA_LC","is","medium","and","NU_NOTA_MT","is","medium","THEN","NU_NOTA_REDACAO","is","medium"
"267","IF","NU_IDADE","is","small","and","TP_SEXO","is","large","and","TP_COR_RACA","is","medium","and","Q006","is","large","and","Q027","is","medium","and","NU_NOTA_CN","is","large","and","NU_NOTA_CH","is","large","and","NU_NOTA_LC","is","medium","and","NU_NOTA_MT","is","medium","THEN","NU_NOTA_REDACAO","is","medium"
"268","IF","NU_IDADE","is","small","and","TP_SEXO","is","large","and","TP_COR_RACA","is","medium","and","Q006","is","medium","and","Q027","is","large","and","NU_NOTA_CN","is","large","and","NU_NOTA_CH","is","medium","and","NU_NOTA_LC","is","large","and","NU_NOTA_MT","is","large","THEN","NU_NOTA_REDACAO","is","large"
"269","IF","NU_IDADE","is","small","and","TP_SEXO","is","large","and","TP_COR_RACA","is","small","and","Q006","is","large","and","Q027","is","medium","and","NU_NOTA_CN","is","medium","and","NU_NOTA_CH","is","large","and","NU_NOTA_LC","is","medium","and","NU_NOTA_MT","is","medium","THEN","NU_NOTA_REDACAO","is","medium"
"270","IF","NU_IDADE","is","small","and","TP_SEXO","is","large","and","TP_COR_RACA","is","medium","and","Q006","is","small","and","Q027","is","small","and","NU_NOTA_CN","is","medium","and","NU_NOTA_CH","is","large","and","NU_NOTA_LC","is","medium","and","NU_NOTA_MT","is","medium","THEN","NU_NOTA_REDACAO","is","large"
"271","IF","NU_IDADE","is","small","and","TP_SEXO","is","large","and","TP_COR_RACA","is","small","and","Q006","is","small","and","Q027","is","large","and","NU_NOTA_CN","is","medium","and","NU_NOTA_CH","is","large","and","NU_NOTA_LC","is","medium","and","NU_NOTA_MT","is","medium","THEN","NU_NOTA_REDACAO","is","medium"
"272","IF","NU_IDADE","is","small","and","TP_SEXO","is","large","and","TP_COR_RACA","is","small","and","Q006","is","large","and","Q027","is","medium","and","NU_NOTA_CN","is","large","and","NU_NOTA_CH","is","medium","and","NU_NOTA_LC","is","large","and","NU_NOTA_MT","is","medium","THEN","NU_NOTA_REDACAO","is","large"
"273","IF","NU_IDADE","is","small","and","TP_SEXO","is","large","and","TP_COR_RACA","is","small","and","Q006","is","medium","and","Q027","is","large","and","NU_NOTA_CN","is","large","and","NU_NOTA_CH","is","large","and","NU_NOTA_LC","is","medium","and","NU_NOTA_MT","is","medium","THEN","NU_NOTA_REDACAO","is","large"
"274","IF","NU_IDADE","is","small","and","TP_SEXO","is","large","and","TP_COR_RACA","is","medium","and","Q006","is","large","and","Q027","is","medium","and","NU_NOTA_CN","is","large","and","NU_NOTA_CH","is","medium","and","NU_NOTA_LC","is","medium","and","NU_NOTA_MT","is","medium","THEN","NU_NOTA_REDACAO","is","medium"
"275","IF","NU_IDADE","is","small","and","TP_SEXO","is","large","and","TP_COR_RACA","is","medium","and","Q006","is","medium","and","Q027","is","small","and","NU_NOTA_CN","is","medium","and","NU_NOTA_CH","is","large","and","NU_NOTA_LC","is","large","and","NU_NOTA_MT","is","medium","THEN","NU_NOTA_REDACAO","is","large"
"276","IF","NU_IDADE","is","small","and","TP_SEXO","is","large","and","TP_COR_RACA","is","small","and","Q006","is","medium","and","Q027","is","large","and","NU_NOTA_CN","is","medium","and","NU_NOTA_CH","is","medium","and","NU_NOTA_LC","is","medium","and","NU_NOTA_MT","is","large","THEN","NU_NOTA_REDACAO","is","medium"
"277","IF","NU_IDADE","is","small","and","TP_SEXO","is","large","and","TP_COR_RACA","is","medium","and","Q006","is","medium","and","Q027","is","large","and","NU_NOTA_CN","is","medium","and","NU_NOTA_CH","is","large","and","NU_NOTA_LC","is","medium","and","NU_NOTA_MT","is","medium","THEN","NU_NOTA_REDACAO","is","large"
"278","IF","NU_IDADE","is","small","and","TP_SEXO","is","large","and","TP_COR_RACA","is","medium","and","Q006","is","large","and","Q027","is","small","and","NU_NOTA_CN","is","medium","and","NU_NOTA_CH","is","medium","and","NU_NOTA_LC","is","large","and","NU_NOTA_MT","is","medium","THEN","NU_NOTA_REDACAO","is","medium"
"279","IF","NU_IDADE","is","small","and","TP_SEXO","is","large","and","TP_COR_RACA","is","small","and","Q006","is","large","and","Q027","is","medium","and","NU_NOTA_CN","is","large","and","NU_NOTA_CH","is","medium","and","NU_NOTA_LC","is","medium","and","NU_NOTA_MT","is","medium","THEN","NU_NOTA_REDACAO","is","medium"
"280","IF","NU_IDADE","is","small","and","TP_SEXO","is","large","and","TP_COR_RACA","is","medium","and","Q006","is","large","and","Q027","is","medium","and","NU_NOTA_CN","is","large","and","NU_NOTA_CH","is","large","and","NU_NOTA_LC","is","medium","and","NU_NOTA_MT","is","large","THEN","NU_NOTA_REDACAO","is","medium"
"281","IF","NU_IDADE","is","small","and","TP_SEXO","is","large","and","TP_COR_RACA","is","medium","and","Q006","is","small","and","Q027","is","medium","and","NU_NOTA_CN","is","medium","and","NU_NOTA_CH","is","large","and","NU_NOTA_LC","is","medium","and","NU_NOTA_MT","is","medium","THEN","NU_NOTA_REDACAO","is","large"
"282","IF","NU_IDADE","is","small","and","TP_SEXO","is","large","and","TP_COR_RACA","is","medium","and","Q006","is","medium","and","Q027","is","medium","and","NU_NOTA_CN","is","large","and","NU_NOTA_CH","is","medium","and","NU_NOTA_LC","is","medium","and","NU_NOTA_MT","is","large","THEN","NU_NOTA_REDACAO","is","large"
"283","IF","NU_IDADE","is","small","and","TP_SEXO","is","large","and","TP_COR_RACA","is","large","and","Q006","is","small","and","Q027","is","large","and","NU_NOTA_CN","is","medium","and","NU_NOTA_CH","is","large","and","NU_NOTA_LC","is","large","and","NU_NOTA_MT","is","medium","THEN","NU_NOTA_REDACAO","is","medium"
"284","IF","NU_IDADE","is","medium","and","TP_SEXO","is","large","and","TP_COR_RACA","is","small","and","Q006","is","small","and","Q027","is","small","and","NU_NOTA_CN","is","medium","and","NU_NOTA_CH","is","medium","and","NU_NOTA_LC","is","medium","and","NU_NOTA_MT","is","medium","THEN","NU_NOTA_REDACAO","is","medium"
"285","IF","NU_IDADE","is","medium","and","TP_SEXO","is","large","and","TP_COR_RACA","is","medium","and","Q006","is","small","and","Q027","is","medium","and","NU_NOTA_CN","is","medium","and","NU_NOTA_CH","is","medium","and","NU_NOTA_LC","is","medium","and","NU_NOTA_MT","is","medium","THEN","NU_NOTA_REDACAO","is","medium"
"286","IF","NU_IDADE","is","small","and","TP_SEXO","is","large","and","TP_COR_RACA","is","medium","and","Q006","is","small","and","Q027","is","small","and","NU_NOTA_CN","is","medium","and","NU_NOTA_CH","is","medium","and","NU_NOTA_LC","is","medium","and","NU_NOTA_MT","is","large","THEN","NU_NOTA_REDACAO","is","medium"
"287","IF","NU_IDADE","is","small","and","TP_SEXO","is","large","and","TP_COR_RACA","is","medium","and","Q006","is","medium","and","Q027","is","large","and","NU_NOTA_CN","is","large","and","NU_NOTA_CH","is","medium","and","NU_NOTA_LC","is","medium","and","NU_NOTA_MT","is","medium","THEN","NU_NOTA_REDACAO","is","medium"
"288","IF","NU_IDADE","is","small","and","TP_SEXO","is","large","and","TP_COR_RACA","is","large","and","Q006","is","small","and","Q027","is","small","and","NU_NOTA_CN","is","large","and","NU_NOTA_CH","is","medium","and","NU_NOTA_LC","is","medium","and","NU_NOTA_MT","is","medium","THEN","NU_NOTA_REDACAO","is","medium"
"289","IF","NU_IDADE","is","small","and","TP_SEXO","is","large","and","TP_COR_RACA","is","medium","and","Q006","is","small","and","Q027","is","large","and","NU_NOTA_CN","is","medium","and","NU_NOTA_CH","is","medium","and","NU_NOTA_LC","is","medium","and","NU_NOTA_MT","is","medium","THEN","NU_NOTA_REDACAO","is","small"
"290","IF","NU_IDADE","is","small","and","TP_SEXO","is","large","and","TP_COR_RACA","is","small","and","Q006","is","large","and","Q027","is","medium","and","NU_NOTA_CN","is","large","and","NU_NOTA_CH","is","medium","and","NU_NOTA_LC","is","large","and","NU_NOTA_MT","is","large","THEN","NU_NOTA_REDACAO","is","large"
"291","IF","NU_IDADE","is","small","and","TP_SEXO","is","large","and","TP_COR_RACA","is","medium","and","Q006","is","medium","and","Q027","is","medium","and","NU_NOTA_CN","is","large","and","NU_NOTA_CH","is","large","and","NU_NOTA_LC","is","medium","and","NU_NOTA_MT","is","large","THEN","NU_NOTA_REDACAO","is","medium"
"292","IF","NU_IDADE","is","large","and","TP_SEXO","is","large","and","TP_COR_RACA","is","medium","and","Q006","is","small","and","Q027","is","medium","and","NU_NOTA_CN","is","medium","and","NU_NOTA_CH","is","medium","and","NU_NOTA_LC","is","medium","and","NU_NOTA_MT","is","medium","THEN","NU_NOTA_REDACAO","is","medium"
"293","IF","NU_IDADE","is","small","and","TP_SEXO","is","large","and","TP_COR_RACA","is","medium","and","Q006","is","medium","and","Q027","is","small","and","NU_NOTA_CN","is","large","and","NU_NOTA_CH","is","medium","and","NU_NOTA_LC","is","large","and","NU_NOTA_MT","is","large","THEN","NU_NOTA_REDACAO","is","large"
"294","IF","NU_IDADE","is","small","and","TP_SEXO","is","large","and","TP_COR_RACA","is","medium","and","Q006","is","large","and","Q027","is","medium","and","NU_NOTA_CN","is","medium","and","NU_NOTA_CH","is","large","and","NU_NOTA_LC","is","medium","and","NU_NOTA_MT","is","large","THEN","NU_NOTA_REDACAO","is","large"
"295","IF","NU_IDADE","is","small","and","TP_SEXO","is","large","and","TP_COR_RACA","is","small","and","Q006","is","small","and","Q027","is","large","and","NU_NOTA_CN","is","medium","and","NU_NOTA_CH","is","medium","and","NU_NOTA_LC","is","large","and","NU_NOTA_MT","is","large","THEN","NU_NOTA_REDACAO","is","large"
"296","IF","NU_IDADE","is","small","and","TP_SEXO","is","large","and","TP_COR_RACA","is","medium","and","Q006","is","medium","and","Q027","is","large","and","NU_NOTA_CN","is","large","and","NU_NOTA_CH","is","large","and","NU_NOTA_LC","is","medium","and","NU_NOTA_MT","is","medium","THEN","NU_NOTA_REDACAO","is","large"
"297","IF","NU_IDADE","is","small","and","TP_SEXO","is","large","and","TP_COR_RACA","is","medium","and","Q006","is","medium","and","Q027","is","medium","and","NU_NOTA_CN","is","medium","and","NU_NOTA_CH","is","medium","and","NU_NOTA_LC","is","medium","and","NU_NOTA_MT","is","medium","THEN","NU_NOTA_REDACAO","is","small"
